2101,Rouse, Faye,frouse0@mediafire.com,166.2.177.77
2103,Lawrenz, Melodie,mlawrenz2@spiegel.de,87.94.129.236
2105,Jenk, Binnie,bjenk4@senate.gov,19.208.80.32
2111,Lumm, Helena,hlumma@spiegel.de,155.195.147.182
2113,Bullion, Lurleen,lbullionc@comcast.net,152.149.27.244
2117,Jarrette, Ninetta,njarretteg@seesaa.net,127.137.104.211
2121,Layne, Letisha,llaynek@mapy.cz,121.188.83.219
2123,Ashford, Eugenia,eashfordm@nyu.edu,117.120.108.194
2125,Kerby, Corena,ckerbyo@usa.gov,134.118.24.131
2129,Ketchaside, Elana,eketchasides@drupal.org,23.144.192.225
2135,Oswal, Florry,foswaly@independent.co.uk,117.171.161.125
2139,Worshall, Elfreda,eworshall12@wikispaces.com,224.230.93.114
2143,Maloney, Latrena,lmaloney16@yelp.com,156.60.87.18
2145,Hasel, Eileen,ehasel18@i2i.jp,74.204.75.207
2147,Hamp, Ruby,rhamp1a@dyndns.org,23.153.193.201
2149,Richin, Brunhilde,brichin1c@tripod.com,202.184.191.185
2155,Haysman, Marieann,mhaysman1i@myspace.com,64.30.7.176
2161,Cowperthwaite, Amelie,acowperthwaite1o@wisc.edu,22.155.183.235
2169,Secret, Mercy,msecret1w@weather.com,241.180.140.182
2171,Mulles, Kerrin,kmulles1y@tiny.cc,226.15.40.201
2177,Dearan, Wash,wdearan24@netlog.com,188.95.9.56
2181,McCloid, Yovonnda,ymccloid28@over-blog.com,17.93.52.216
2185,Soule, Rheta,rsoule2c@techcrunch.com,228.244.155.49
2187,Fligg, Maia,mfligg2e@hatena.ne.jp,54.82.244.250
2189,Duetsche, Adah,aduetsche2g@mayoclinic.com,196.185.175.20
2191,Slad, Moselle,mslad2i@yelp.com,92.113.124.98
2195,Prandin, Jewel,jprandin2m@unblog.fr,105.141.104.129
2197,Leopold, Arliene,aleopold2o@oracle.com,27.158.222.228
2199,Masham, Tawnya,tmasham2q@illinois.edu,188.182.203.110
2205,Emps, Ninon,nemps2w@baidu.com,70.166.139.238
2207,Binner, Laureen,lbinner2y@si.edu,81.136.121.39
2211,Wadge, Davina,dwadge32@google.co.uk,4.23.99.147
2213,Drescher, Kalindi,kdrescher34@europa.eu,4.156.114.2
2219,Vigietti, Lois,lvigietti3a@is.gd,255.155.129.255
2221,Towson, Sandie,stowson3c@facebook.com,44.243.57.45
2223,Andrivot, Grant,gandrivot3e@icio.us,67.197.77.164
2227,Van den Velde, Ninon,nvandenvelde3i@dyndns.org,201.18.197.46
2229,Wheelan, Trudie,twheelan3k@t.co,114.188.193.226
2233,Rodenborch, Gerry,grodenborch3o@home.pl,203.239.203.59
2235,Bernholt, Faustina,fbernholt3q@deviantart.com,192.116.155.181
2239,Cluet, Karee,kcluet3u@tripod.com,202.133.172.204
2241,Doumerc, Nickie,ndoumerc3w@ucsd.edu,172.161.214.14
2243,Borge, Ag,aborge3y@utexas.edu,149.103.172.192
2253,Cowans, Roxana,rcowans48@independent.co.uk,123.142.226.235
2255,Saffran, Dean,dsaffran4a@msn.com,163.193.102.91
2259,Monsey, Constantia,cmonsey4e@ameblo.jp,111.103.222.101
2261,Philpot, Wileen,wphilpot4g@seattletimes.com,82.134.82.243
2265,Cromarty, Nessi,ncromarty4k@jugem.jp,205.85.26.171
2267,Genge, Bethanne,bgenge4m@chronoengine.com,212.177.176.156
2271,Casillis, Gay,gcasillis4q@360.cn,73.98.244.94
2273,Krysztofiak, Irita,ikrysztofiak4s@mashable.com,255.121.186.90
2275,Bikker, Ronda,rbikker4u@earthlink.net,127.6.114.204
2277,Aylott, Christean,caylott4w@privacy.gov.au,27.251.84.156
2281,Incogna, Marylee,mincogna50@canalblog.com,64.254.129.33
2287,Semrad, Kitti,ksemrad56@timesonline.co.uk,77.30.186.4
2289,Manger, Cherye,cmanger58@tuttocitta.it,112.110.3.11
2295,Alvarado, Sophie,salvarado5e@disqus.com,162.81.12.124
2297,Brass, Addy,abrass5g@ycombinator.com,241.202.208.118
2303,Lovstrom, Conni,clovstrom5m@over-blog.com,23.230.115.198
2305,Hincham, Skipper,shincham5o@cloudflare.com,136.182.30.9
2309,Idale, Daryn,didale5s@theguardian.com,44.201.230.213
2311,Klainer, Elvira,eklainer5u@latimes.com,50.162.61.167
2315,Salvati, Kamillah,ksalvati5y@deliciousdays.com,73.26.93.232
2317,Forward, Marilee,mforward60@skyrock.com,212.186.59.225
2321,Newcom, Caresa,cnewcom64@canalblog.com,57.151.209.138
2325,Klemke, Deerdre,dklemke68@bigcartel.com,161.183.194.230
2329,Ker, Magdalena,mker6c@ibm.com,157.239.217.34
2335,Ferreli, Arliene,aferreli6i@storify.com,11.164.41.52
2341,Hudd, Sella,shudd6o@unesco.org,174.7.66.144
2343,Awde, Delilah,dawde6q@amazon.com,113.208.132.23
2345,Karpenya, Ilyssa,ikarpenya6s@prlog.org,243.75.163.5
2349,Youles, Kessiah,kyoules6w@bing.com,47.244.51.44
2353,Tulley, Elie,etulley70@nasa.gov,17.128.151.61
2359,Shedd, Collette,cshedd76@jalbum.net,165.148.195.83
2361,Cominoli, Nertie,ncominoli78@ustream.tv,10.1.58.112
2363,Downey, Sophia,sdowney7a@intel.com,126.60.70.178
2371,Simonnot, L;urette,lsimonnot7i@gnu.org,204.191.10.69
2373,Goodread, Marthe,mgoodread7k@hexun.com,8.161.26.65
2375,Clint, Marthe,mclint7m@clickbank.net,18.112.178.114
2379,Tampin, Claudie,ctampin7q@shareasale.com,75.162.133.86
2381,Tuffs, Godwin,gtuffs7s@tripadvisor.com,176.134.226.212
2385,Tomadoni, Nita,ntomadoni7w@webmd.com,106.59.116.10
2389,Heaysman, Alejandra,aheaysman80@google.es,166.224.105.205
2391,Honeyghan, Leta,lhoneyghan82@vkontakte.ru,43.31.8.50
2397,Wanley, Evy,ewanley88@rediff.com,30.63.152.43
2399,Hannis, Helenka,hhannis8a@chicagotribune.com,106.67.34.168
2405,Brien, Norrie,nbrien8g@rambler.ru,125.246.84.144
2407,Gilliard, Suzy,sgilliard8i@creativecommons.org,178.225.190.82
2415,Crofts, Fianna,fcrofts8q@homestead.com,134.250.12.115
2417,Dunseath, Mellisa,mdunseath8s@kickstarter.com,190.55.84.194
2419,Yorkston, Allianora,ayorkston8u@bloglovin.com,16.20.77.72
2423,Telezhkin, Evvie,etelezhkin8y@flavors.me,194.74.164.162
2429,Cardoso, Danyelle,dcardoso94@edublogs.org,182.179.34.52
2431,Nutkins, Dotty,dnutkins96@usda.gov,168.6.86.238
2433,Willingale, Marline,mwillingale98@themeforest.net,67.63.29.247
2435,Mold, Dianemarie,dmold9a@tiny.cc,29.166.136.109
2437,Stonhard, Mimi,mstonhard9c@usatoday.com,150.209.171.52
2441,Pentycross, Berry,bpentycross9g@tumblr.com,8.158.113.31
2445,Haldane, Marge,mhaldane9k@clickbank.net,127.242.251.120
2447,Edlington, Olenka,oedlington9m@mayoclinic.com,131.186.21.167
2451,Kinnaird, Jaquelin,jkinnaird9q@desdev.cn,68.246.180.249
2459,Trewinnard, Othello,otrewinnard9y@devhub.com,34.42.53.74
2461,Polleye, Selma,spolleyea0@nih.gov,66.61.15.40
2465,Mersey, Floris,fmerseya4@cnbc.com,64.5.125.28
2475,Elcome, Philipa,pelcomeae@addthis.com,24.206.48.205
2485,Pordall, Erda,epordallao@tmall.com,68.189.158.220
2487,Scala, Kariotta,kscalaaq@army.mil,176.136.143.17
2489,Pridmore, Lynnette,lpridmoreas@bbb.org,50.64.186.218
2495,Dunrige, Albertine,adunrigeay@tinyurl.com,113.175.239.187
2499,Antonacci, Merola,mantonaccib2@joomla.org,11.139.31.111
2501,Svanini, Dana,dsvaninib4@google.co.uk,68.195.10.184
2505,Swale, Darya,dswaleb8@cbslocal.com,246.125.196.44
2507,De Simoni, Miguela,mdesimoniba@howstuffworks.com,176.108.53.243
2511,Screaton, Phyllis,pscreatonbe@plala.or.jp,57.153.17.163
2515,Macrae, Celine,cmacraebi@blogger.com,196.41.140.224
2519,Cummine, Iona,icumminebm@scribd.com,121.207.140.240
2521,Genner, Ardine,agennerbo@usgs.gov,116.225.84.134
2523,Kovalski, Paloma,pkovalskibq@cdbaby.com,209.105.16.120
2525,Hinrichs, Addie,ahinrichsbs@pcworld.com,30.209.99.70
2527,Dainter, Michaelina,mdainterbu@harvard.edu,92.69.241.58
2529,Leavry, Almira,aleavrybw@prweb.com,210.77.11.66
2533,Pinsent, Alexis,apinsentc0@springer.com,52.48.208.68
2545,De la Perrelle, Morna,mdelaperrellecc@hud.gov,190.28.186.187
2549,Stoltz, Orelie,ostoltzcg@tumblr.com,48.170.224.87
2551,Beggs, Afton,abeggsci@businessweek.com,84.245.53.186
2555,Feldbrin, Saundra,sfeldbrincm@fotki.com,226.83.29.217
2557,Arton, Rubetta,rartonco@senate.gov,205.229.185.233
2559,Daid, Rey,rdaidcq@miitbeian.gov.cn,150.136.126.31
2561,Jeffers, Leeann,ljefferscs@princeton.edu,110.95.97.235
2563,Broose, Cherin,cbroosecu@blogtalkradio.com,3.81.78.242
2565,Gerant, Allsun,agerantcw@a8.net,180.114.91.60
2567,Rossetti, Alvina,arossetticy@furl.net,219.18.173.165
2569,Mullan, Rona,rmulland0@nasa.gov,176.85.149.196
2571,Jozwiak, Zaneta,zjozwiakd2@ftc.gov,227.23.141.79
2573,Willets, Holli,hwilletsd4@slashdot.org,39.123.85.33
2577,Pendle, Leona,lpendled8@disqus.com,147.188.230.222
2579,Rosen, Reggie,rrosenda@un.org,244.189.252.80
2583,Botting, Tiphanie,tbottingde@telegraph.co.uk,63.113.5.243
2591,Tendahl, Jemima,jtendahldm@surveymonkey.com,155.56.34.93
2593,Barradell, Elysha,ebarradelldo@stumbleupon.com,103.14.30.188
2597,Wisby, Juieta,jwisbyds@biblegateway.com,113.47.176.127
2603,Sichardt, Shela,ssichardtdy@eepurl.com,144.30.229.136
2605,Weiser, Analise,aweisere0@trellian.com,74.88.8.144
2609,Kunzler, Freida,fkunzlere4@freewebs.com,32.177.181.205
2613,Robbe, Shel,srobbee8@unicef.org,135.86.173.174
2615,Dane, Scarlet,sdaneea@de.vu,162.126.43.229
2617,Prestwich, Abby,aprestwichec@yale.edu,189.73.177.101
2623,Lyall, Dorise,dlyallei@scribd.com,80.60.244.243
2625,Gives, Debbie,dgivesek@unc.edu,93.49.135.143
2629,Stout, Vivianne,vstouteo@plala.or.jp,78.128.143.40
2633,Glaze, Alasteir,aglazees@feedburner.com,60.85.183.12
2635,Brymham, Concettina,cbrymhameu@webs.com,137.170.106.190
2639,Frawley, Leola,lfrawleyey@census.gov,229.194.134.235
2641,Sousa, Sada,ssousaf0@google.nl,29.0.13.204
2645,McSparran, Jilly,jmcsparranf4@lycos.com,208.129.240.249
2647,Vickress, Adara,avickressf6@constantcontact.com,239.205.245.178
2651,Schwartz, Noami,nschwartzfa@bandcamp.com,215.39.135.126
2653,Terbeck, Peggy,pterbeckfc@un.org,182.123.140.128
2657,Soanes, Karena,ksoanesfg@webeden.co.uk,228.149.188.15
2659,Puvia, Katalin,kpuviafi@360.cn,98.234.159.49
2661,Arkcoll, Wildon,warkcollfk@sitemeter.com,206.66.185.252
2667,Oleszczak, Tomasine,toleszczakfq@smh.com.au,190.222.166.192
2669,Gilkes, Benoite,bgilkesfs@hubpages.com,23.192.113.88
2671,Davidovits, Lita,ldavidovitsfu@census.gov,221.75.126.138
2677,Maher, Rosemaria,rmaherg0@msn.com,232.212.38.47
2689,Gorling, Kynthia,kgorlinggc@engadget.com,223.90.161.75
2691,Klulisek, Clarita,cklulisekge@github.io,161.227.74.179
2697,Bedham, Aila,abedhamgk@linkedin.com,208.76.70.22
2701,Gioani, Vivie,vgioanigo@multiply.com,201.88.101.27
2703,Lapthorn, Ynez,ylapthorngq@moonfruit.com,191.74.44.250
2705,Gatcliff, Di,dgatcliffgs@alexa.com,76.247.63.143
2707,Coult, Susana,scoultgu@chronoengine.com,133.234.60.191
2709,Laweles, Trudi,tlawelesgw@artisteer.com,231.98.80.200
2715,Spellworth, Lucas,lspellworthh2@facebook.com,78.237.161.31
2717,Kempstone, Dorree,dkempstoneh4@constantcontact.com,24.93.39.129
2721,Slaughter, Fionna,fslaughterh8@g.co,239.215.186.80
2725,Checo, Lindy,lchecohc@wsj.com,219.237.96.21
2727,Byrd, Giulietta,gbyrdhe@wikia.com,179.15.118.111
2731,Ghidetti, Estrella,eghidettihi@sourceforge.net,202.255.130.97
2733,Munks, Thea,tmunkshk@vistaprint.com,198.217.105.241
2735,Folbige, Marnia,mfolbigehm@ucoz.com,84.50.124.18
2741,Cordeiro, Kassandra,kcordeirohs@mashable.com,125.151.23.38
2747,Baus, Teressa,tbaushy@google.com.au,121.27.35.233
2749,Minster, Jasmina,jminsteri0@163.com,112.95.165.9
2753,Whitcher, Mandy,mwhitcheri4@xrea.com,176.179.158.25
2757,Tie, L;urette,ltiei8@prnewswire.com,104.41.221.4
2759,Olliar, Sheila,solliaria@shinystat.com,202.37.75.237
2761,Copping, Gianina,gcoppingic@flavors.me,229.217.204.235
2763,Gonzalo, Dominica,dgonzaloie@businessinsider.com,70.42.138.48
2767,Newrick, Kizzee,knewrickii@wordpress.org,86.203.156.226
2771,Carrett, Elizabeth,ecarrettim@oaic.gov.au,165.6.141.48
2779,Rampling, Dorena,dramplingiu@answers.com,195.147.15.156
2781,Maneylaws, Tatiania,tmaneylawsiw@hugedomains.com,153.103.128.94
2787,Cock, Wandie,wcockj2@altervista.org,81.222.39.235
2791,Normanville, Erhart,enormanvillej6@cocolog-nifty.com,203.137.148.146
2793,Sugarman, Emmanuel,esugarmanj8@irs.gov,85.39.249.6
2795,Joinson, Birgit,bjoinsonja@omniture.com,183.238.74.192
2809,Swatman, Emmye,eswatmanjo@de.vu,127.131.3.212
2811,Wimlett, Sammy,swimlettjq@huffingtonpost.com,95.196.146.242
2813,Klulisek, Maudie,mklulisekjs@apache.org,204.245.229.78
2815,Rubee, Amara,arubeeju@forbes.com,79.244.254.37
2819,Brayn, Maryrose,mbraynjy@friendfeed.com,26.237.142.231
2821,Sponder, Chiarra,csponderk0@bluehost.com,119.91.1.41
2827,Barthropp, Penni,pbarthroppk6@fema.gov,54.16.132.245
2829,Stack, Kaia,kstackk8@lulu.com,224.197.10.65
2831,Reichelt, Eirena,ereicheltka@xinhuanet.com,239.50.0.48
2835,Ensley, Janina,jensleyke@nps.gov,103.155.113.19
2837,Kleinsmuntz, Suzanna,skleinsmuntzkg@techcrunch.com,102.152.241.224
2841,Davidovits, Sibeal,sdavidovitskk@icio.us,97.205.117.72
2853,Wint, Cymbre,cwintkw@webnode.com,181.10.38.39
2855,Phonix, Cyb,cphonixky@domainmarket.com,110.193.199.236
2861,Iles, Noell,nilesl4@wufoo.com,226.17.190.76
2865,Borris, Bella,bborrisl8@techcrunch.com,67.60.13.112
2869,Poulsom, Marika,mpoulsomlc@amazon.co.uk,113.9.216.15
2871,Sommerville, Carmine,csommervillele@hugedomains.com,115.203.36.161
2873,Cleynman, Paola,pcleynmanlg@github.io,121.109.72.143
2881,Hrinchenko, Kalila,khrinchenkolo@comcast.net,247.237.163.217
2887,Doneld, Carleen,cdoneldlu@mozilla.com,193.61.240.217
2891,McPaik, Lotte,lmcpaikly@businessweek.com,37.26.38.20
2893,Sandwich, Alyda,asandwichm0@themeforest.net,11.127.84.223
2895,Oakley, Arabelle,aoakleym2@illinois.edu,85.205.69.253
2897,Harral, Mercie,mharralm4@clickbank.net,220.102.40.68
2903,Strelitzer, Audry,astrelitzerma@google.com.au,94.252.81.186
2907,Joerning, Oralia,ojoerningme@china.com.cn,5.25.176.64
2909,McWhorter, Sargent,smcwhortermg@mlb.com,91.98.107.152
2919,Tommasi, Maia,mtommasimq@vistaprint.com,197.228.40.182
2921,Bromby, Merrie,mbrombyms@nhs.uk,79.128.39.4
2929,Brachell, Charleen,cbrachelln0@hibu.com,47.37.96.171
2935,Merrison, Joanie,jmerrisonn6@goo.ne.jp,198.40.162.59
2937,Senescall, Margette,msenescalln8@plala.or.jp,169.175.250.91
2939,Hagart, Maurise,mhagartna@census.gov,3.151.176.156
2945,Eddowes, Brittaney,beddowesng@xinhuanet.com,93.67.44.233
2947,Powdrell, Bev,bpowdrellni@foxnews.com,224.161.203.48
2953,Barrett, Sonni,sbarrettno@macromedia.com,21.16.134.12
2957,Fyers, Dale,dfyersns@1688.com,121.235.11.252
2959,Tomaszewicz, Flor,ftomaszewicznu@cloudflare.com,71.101.203.166
2961,De Bischop, Debra,ddebischopnw@tripod.com,181.87.196.64
2963,Goby, Bertie,bgobyny@parallels.com,233.166.161.48
2965,Dykas, Hephzibah,hdykaso0@china.com.cn,234.79.206.241
2971,Corten, Sacha,scorteno6@gravatar.com,82.83.18.176
2973,Larvin, Xylina,xlarvino8@redcross.org,218.41.10.135
2981,Blewis, Leicester,lblewisog@noaa.gov,16.218.28.147
2983,Baulk, Murielle,mbaulkoi@sohu.com,103.78.223.204
2989,Allibon, Nettie,nallibonoo@narod.ru,181.193.159.168
2991,Anear, Lynnett,lanearoq@mapy.cz,186.142.90.21
2993,Paolacci, Rosabelle,rpaolaccios@slate.com,41.144.139.53
2995,Whate, Lorrayne,lwhateou@tinypic.com,12.23.207.4
2999,Ricketts, Charin,crickettsoy@ucla.edu,42.118.101.90
3001,Buddleigh, Ursula,ubuddleighp0@technorati.com,199.199.67.73
3005,Goodbur, Jenn,jgoodburp4@imgur.com,62.124.106.53
3007,Nunns, Sheila-kathryn,snunnsp6@vimeo.com,127.218.164.177
3009,De Brett, Dru,ddebrettp8@independent.co.uk,58.3.91.121
3011,Ianelli, Arluene,aianellipa@irs.gov,102.98.75.222
3013,Kesterton, Baldwin,bkestertonpc@comsenz.com,82.14.199.15
3021,Westmarland, Sharla,swestmarlandpk@time.com,27.170.19.156
3025,Clyde, Anneliese,aclydepo@reddit.com,91.91.242.129
3027,Damarell, Dulsea,ddamarellpq@aboutads.info,170.192.208.196
3029,Gonzalez, Gilligan,ggonzalezps@360.cn,203.229.180.94
3031,Marchiso, Kenny,kmarchisopu@msu.edu,38.91.251.120
3037,Eles, Augustina,aelesq0@ycombinator.com,208.86.230.4
3041,Durrington, Feodora,fdurringtonq4@goo.gl,195.123.250.38
3045,Wilbud, Helenelizabeth,hwilbudq8@alexa.com,15.84.53.241
3051,Mapples, Dolli,dmapplesqe@blogtalkradio.com,116.80.253.213
3053,Shear, Aeriela,ashearqg@newyorker.com,45.3.42.182
3055,Gull, Elayne,egullqi@vistaprint.com,39.71.224.247
3063,Walesby, Leta,lwalesbyqq@statcounter.com,235.83.177.129
3065,Devers, Noellyn,ndeversqs@simplemachines.org,218.130.249.57
3073,Passey, Rae,rpasseyr0@opera.com,252.58.132.93
3077,Ledes, Eleonora,eledesr4@hubpages.com,142.145.133.138
3079,Kleinberer, Sheelah,skleinbererr6@businessweek.com,196.236.62.109
3081,Nowakowska, Merle,mnowakowskar8@sina.com.cn,100.184.23.4
3089,L' Anglois, Sheilah,slangloisrg@purevolume.com,48.210.85.2
3091,Battey, Inge,ibatteyri@alexa.com,83.136.85.253
3093,Kornas, Joell,jkornasrk@symantec.com,19.201.81.130
3099,Shimony, Joyann,jshimonyrq@oakley.com,6.69.124.230
