id,first_name,last_name,email,gender,ip_address
1101,Kellyann,Talbot,ktalbot0@webeden.co.uk,Female,141.23.100.28
1102,Bruno,Durrans,bdurrans1@nih.gov,Male,230.42.200.25
1103,Katerina,Brauninger,kbrauninger2@comcast.net,Female,24.104.45.198
1104,Devlen,Aykroyd,daykroyd3@e-recht24.de,Male,191.120.221.180
1105,Lucia,Fozzard,lfozzard4@surveymonkey.com,Female,79.160.161.85
1106,Whitney,Adolfson,wadolfson5@dell.com,Female,87.14.42.104
1107,Donnie,Tegeller,dtegeller6@bravesites.com,Female,66.51.252.154
1108,Daniella,Sculpher,dsculpher7@wordpress.org,Female,12.58.180.145
1109,See,Phebee,sphebee8@accuweather.com,Male,82.126.147.208
1110,Beitris,Conway,bconway9@ebay.com,Non-binary,206.220.197.252
1111,Bobbee,Bursnoll,bbursnolla@ucsd.edu,Female,8.251.172.236
1112,Devland,Monro,dmonrob@cisco.com,Male,6.234.212.173
1113,Fair,Semple,fsemplec@deviantart.com,Male,89.236.53.195
1114,Rosalinda,Kay,rkayd@reference.com,Female,71.249.86.229
1115,Eli,Porritt,eporritte@cnet.com,Male,96.81.204.157
1116,Bernard,Newvell,bnewvellf@cloudflare.com,Male,104.72.55.124
1117,Jerrie,Whytock,jwhytockg@nsw.gov.au,Male,192.165.206.173
1118,Maurene,Hauxley,mhauxleyh@freewebs.com,Female,37.243.42.254
1119,Simona,Magog,smagogi@ihg.com,Female,235.187.149.74
1120,Abbott,Grishunin,agrishuninj@icq.com,Male,227.8.169.133
1121,Hammad,Cottill,hcottillk@nature.com,Male,58.105.180.216
1122,Darcy,Mordaunt,dmordauntl@nhs.uk,Male,203.114.130.118
1123,Salomon,Shotton,sshottonm@sohu.com,Male,6.187.206.180
1124,Stefania,Le Borgne,sleborgnen@flickr.com,Bigender,24.202.102.124
1125,Wyatt,Bareford,wbarefordo@aol.com,Male,53.135.230.144
1126,Ronald,Langsdon,rlangsdonp@google.nl,Polygender,250.142.114.38
1127,Allix,Deetlefs,adeetlefsq@youtube.com,Female,200.133.44.50
1128,Rena,Baughen,rbaughenr@rambler.ru,Polygender,238.228.131.22
1129,Cord,Banghe,cbanghes@bing.com,Male,137.150.208.156
1130,Caroljean,Haskur,chaskurt@e-recht24.de,Female,143.254.64.240
1131,Marcia,Deary,mdearyu@zdnet.com,Female,44.122.145.236
1132,Kristofer,Eyden,keydenv@apache.org,Male,112.32.9.91
1133,Garrett,Egentan,gegentanw@yahoo.co.jp,Male,102.6.0.0
1134,Clarie,Beaconsall,cbeaconsallx@google.com,Female,24.80.79.150
1135,Lou,Capini,lcapiniy@dagondesign.com,Female,255.228.167.145
1136,Rosalinda,Jasper,rjasperz@oaic.gov.au,Female,207.106.11.138
1137,Malena,Ladbrook,mladbrook10@google.nl,Female,189.2.149.44
1138,Bran,Feehily,bfeehily11@bing.com,Non-binary,231.196.10.192
1139,Joel,Ovenden,jovenden12@aboutads.info,Male,14.123.89.30
1140,Jens,Moscrop,jmoscrop13@upenn.edu,Male,228.239.234.180
1141,Chester,Gramer,cgramer14@huffingtonpost.com,Male,12.206.186.11
1142,Arabela,Vagg,avagg15@spotify.com,Female,111.215.205.242
1143,Riane,Mansell,rmansell16@baidu.com,Female,125.137.204.230
1144,Donnie,Balsillie,dbalsillie17@facebook.com,Female,68.135.118.134
1145,Brita,Rontsch,brontsch18@typepad.com,Non-binary,3.128.91.108
1146,Tailor,Orneles,torneles19@psu.edu,Male,0.108.21.13
1147,Sumner,Whiteoak,swhiteoak1a@google.es,Male,227.161.64.228
1148,Genna,Purveys,gpurveys1b@mysql.com,Female,89.198.229.7
1149,Gail,O' Dooley,godooley1c@oakley.com,Female,34.148.225.129
1150,Eldridge,O'Bruen,eobruen1d@flickr.com,Male,21.241.74.17
1151,Melitta,Tenwick,mtenwick1e@va.gov,Female,163.215.70.65
1152,Tamarra,Sleet,tsleet1f@elpais.com,Female,219.24.157.56
1153,Arni,Scargill,ascargill1g@time.com,Male,124.106.7.123
1154,Fernandina,Presslie,fpresslie1h@latimes.com,Female,98.135.7.218
1155,Farr,Bamlett,fbamlett1i@feedburner.com,Male,150.130.188.125
1156,Ronda,Roux,rroux1j@bloomberg.com,Female,227.22.124.207
1157,Archaimbaud,Santorini,asantorini1k@tinyurl.com,Male,162.7.216.125
1158,Yankee,Trowle,ytrowle1l@last.fm,Male,128.74.122.12
1159,Ethelind,Risom,erisom1m@unesco.org,Female,213.75.90.164
1160,Harriett,Coyett,hcoyett1n@state.tx.us,Female,151.15.215.67
1161,Michelina,Eggar,meggar1o@usda.gov,Female,231.116.194.30
1162,Lianna,Tolwood,ltolwood1p@noaa.gov,Female,228.1.25.144
1163,Rusty,Morey,rmorey1q@miitbeian.gov.cn,Male,164.103.192.159
1164,Issy,Dunlea,idunlea1r@ucoz.com,Female,153.204.246.10
1165,Gram,Jagg,gjagg1s@geocities.jp,Male,200.156.241.91
1166,Evyn,Jolley,ejolley1t@adobe.com,Male,13.251.161.36
1167,Nathanil,Waddington,nwaddington1u@cbc.ca,Male,197.170.152.1
1168,Anselm,Macklam,amacklam1v@latimes.com,Male,106.106.124.183
1169,Flory,Lie,flie1w@t.co,Female,81.60.30.177
1170,Tildi,Pickburn,tpickburn1x@meetup.com,Female,169.135.126.190
1171,Klement,Jurgen,kjurgen1y@w3.org,Bigender,161.235.9.133
1172,Nero,Latham,nlatham1z@yolasite.com,Male,45.36.2.90
1173,Almeta,Ricco,aricco20@yolasite.com,Female,140.199.18.180
1174,Alfy,Drewry,adrewry21@aol.com,Female,144.140.215.117
1175,Kendre,Claringbold,kclaringbold22@gov.uk,Female,221.8.97.184
1176,Arline,Kliemann,akliemann23@freewebs.com,Female,188.37.1.7
1177,Darice,Gerge,dgerge24@fastcompany.com,Female,154.188.170.157
1178,Thaxter,Maffucci,tmaffucci25@360.cn,Male,7.19.84.52
1179,Rosalind,Charley,rcharley26@berkeley.edu,Female,151.46.83.161
1180,Silvio,Parkes,sparkes27@microsoft.com,Male,175.179.152.162
1181,Clare,MacGill,cmacgill28@businessweek.com,Male,118.10.162.8
1182,Livvyy,Kummerlowe,lkummerlowe29@ameblo.jp,Female,28.184.178.2
1183,Ilario,Wadman,iwadman2a@nature.com,Male,195.180.118.223
1184,Rhodia,Finnes,rfinnes2b@last.fm,Female,127.132.115.164
1185,Vasili,Jillings,vjillings2c@nasa.gov,Male,78.104.251.186
1186,Annabela,MacKim,amackim2d@harvard.edu,Female,55.122.204.115
1187,Anatollo,Sigge,asigge2e@jiathis.com,Male,104.246.57.69
1188,Melania,Gopsall,mgopsall2f@aol.com,Female,42.232.78.247
1189,Hildy,Gemlbett,hgemlbett2g@webnode.com,Female,232.235.157.88
1190,Sari,Grishanov,sgrishanov2h@wired.com,Bigender,21.2.113.237
1191,Kerr,Leming,kleming2i@mysql.com,Non-binary,153.230.90.204
1192,Theobald,Loude,tloude2j@opensource.org,Male,221.133.217.237
1193,Nial,Brise,nbrise2k@amazon.co.jp,Male,36.95.79.239
1194,Ingaberg,Wittering,iwittering2l@live.com,Female,221.189.25.203
1195,Tracey,Willers,twillers2m@example.com,Polygender,230.89.216.129
1196,Margi,Wandtke,mwandtke2n@businesswire.com,Female,3.127.83.148
1197,Marris,Yokelman,myokelman2o@sfgate.com,Female,167.7.140.190
1198,Babbette,Chasteney,bchasteney2p@vk.com,Female,106.101.109.94
1199,Dana,Clashe,dclashe2q@livejournal.com,Male,27.169.88.104
1200,Courtnay,Dodshon,cdodshon2r@arstechnica.com,Female,1.114.174.85
1201,Rosalyn,Stenett,rstenett2s@smh.com.au,Female,198.142.9.29
1202,Jabez,Simla,jsimla2t@dropbox.com,Male,177.148.251.199
1203,Thorpe,Petrelli,tpetrelli2u@prweb.com,Polygender,142.250.178.66
1204,Steffane,Millhouse,smillhouse2v@ucla.edu,Female,40.222.155.15
1205,Willow,Braunes,wbraunes2w@discuz.net,Female,61.29.148.239
1206,Borden,Usmar,busmar2x@nyu.edu,Male,78.137.163.166
1207,Abby,Seymour,aseymour2y@surveymonkey.com,Male,120.255.111.136
1208,Uri,Rantoull,urantoull2z@google.ca,Male,138.133.41.109
1209,Costa,Morehall,cmorehall30@spiegel.de,Male,80.36.91.224
1210,Frederick,Mowson,fmowson31@constantcontact.com,Male,53.83.4.36
1211,Joceline,Josephov,jjosephov32@skyrock.com,Female,158.244.12.218
1212,Nola,Rayner,nrayner33@desdev.cn,Female,2.150.253.92
1213,Reinhold,Rosenboim,rrosenboim34@flickr.com,Male,52.36.108.3
1214,Lorettalorna,Bogey,lbogey35@ameblo.jp,Female,37.145.128.170
1215,Mathe,Mitchely,mmitchely36@telegraph.co.uk,Male,45.243.20.203
1216,Peterus,Yearby,pyearby37@soundcloud.com,Male,10.147.49.187
1217,Sarah,Bambrugh,sbambrugh38@netvibes.com,Female,14.69.254.229
1218,Moreen,Robertelli,mrobertelli39@slideshare.net,Female,184.48.145.61
1219,Skipton,Hallin,shallin3a@alexa.com,Male,70.217.200.245
1220,Obidiah,Creggan,ocreggan3b@jigsy.com,Male,19.112.220.68
1221,Trever,Sloey,tsloey3c@walmart.com,Male,107.163.150.216
1222,Susi,Reeders,sreeders3d@t.co,Female,40.30.30.71
1223,Randy,Rodenburgh,rrodenburgh3e@walmart.com,Female,95.1.12.204
1224,Odessa,Tiffany,otiffany3f@github.com,Female,238.187.199.219
1225,Lanny,Kildale,lkildale3g@vistaprint.com,Female,15.58.212.40
1226,Maddy,Gerrett,mgerrett3h@wufoo.com,Female,249.212.56.183
1227,Ruddy,Canacott,rcanacott3i@edublogs.org,Male,83.100.110.20
1228,Jo-anne,Luparto,jluparto3j@ucoz.com,Female,74.55.56.193
1229,Frazier,Babinski,fbabinski3k@discuz.net,Male,231.239.222.81
1230,Astrid,Simounet,asimounet3l@live.com,Bigender,1.100.126.95
1231,Cory,Pimer,cpimer3m@soundcloud.com,Female,16.152.194.112
1232,Carri,Cardenas,ccardenas3n@bing.com,Female,82.22.15.40
1233,Ajay,Lowis,alowis3o@live.com,Female,232.1.23.229
1234,Ferdie,Geindre,fgeindre3p@archive.org,Male,49.61.226.160
1235,Ninetta,Rooson,nrooson3q@uiuc.edu,Female,50.236.39.15
1236,Reggie,Pottinger,rpottinger3r@fastcompany.com,Male,222.163.245.146
1237,Cosimo,Yole,cyole3s@spotify.com,Male,151.189.175.184
1238,Germaine,Rolinson,grolinson3t@patch.com,Female,43.225.144.240
1239,Garrott,Quirke,gquirke3u@vimeo.com,Male,11.28.172.23
1240,Merle,Rampley,mrampley3v@msn.com,Genderfluid,116.64.28.127
1241,Bennie,Oley,boley3w@google.ca,Non-binary,116.49.194.115
1242,Joseito,Lambden,jlambden3x@ted.com,Male,83.152.216.209
1243,Kellie,Beckers,kbeckers3y@buzzfeed.com,Female,165.118.250.203
1244,Madalena,Arman,marman3z@addthis.com,Female,229.145.9.224
1245,Karon,McOrkil,kmcorkil40@walmart.com,Bigender,93.210.39.170
1246,Minnnie,Camamill,mcamamill41@usatoday.com,Female,55.83.67.135
1247,Theodora,Whittles,twhittles42@uol.com.br,Female,104.3.204.219
1248,Gretna,Hansie,ghansie43@hc360.com,Non-binary,65.8.9.66
1249,Cordelia,Stitcher,cstitcher44@lycos.com,Female,251.241.85.38
1250,Yoshi,Burditt,yburditt45@facebook.com,Female,246.195.170.64
1251,Bat,Wolfit,bwolfit46@hugedomains.com,Male,43.214.0.252
1252,Leeann,Losel,llosel47@163.com,Female,92.95.124.167
1253,Morie,Ginie,mginie48@globo.com,Male,221.38.0.48
1254,Ronald,Hattigan,rhattigan49@webeden.co.uk,Male,205.149.114.95
1255,Doug,Snedker,dsnedker4a@barnesandnoble.com,Male,30.51.222.77
1256,Rolph,Lawrence,rlawrence4b@nymag.com,Male,100.46.201.138
1257,Giuseppe,Stoeckle,gstoeckle4c@privacy.gov.au,Male,116.83.3.160
1258,Zacharie,Lord,zlord4d@artisteer.com,Male,166.230.227.235
1259,Sharl,Giddens,sgiddens4e@msn.com,Female,19.188.124.80
1260,Lulita,Aps,laps4f@intel.com,Female,215.21.29.145
1261,Tom,Matovic,tmatovic4g@rakuten.co.jp,Male,182.95.100.28
1262,Renaldo,Fairbrass,rfairbrass4h@arizona.edu,Male,32.204.7.93
1263,Megan,Bogart,mbogart4i@posterous.com,Genderqueer,27.173.151.255
1264,Bruis,Marshfield,bmarshfield4j@earthlink.net,Male,152.124.177.175
1265,Hercules,Godart,hgodart4k@list-manage.com,Male,64.49.29.77
1266,Hallie,Picker,hpicker4l@upenn.edu,Female,94.24.91.140
1267,Hettie,Cradick,hcradick4m@4shared.com,Female,183.49.198.177
1268,Athena,Tolerton,atolerton4n@tiny.cc,Female,164.220.43.25
1269,Winslow,Baudain,wbaudain4o@businessweek.com,Agender,186.4.173.14
1270,Nessy,Dewdney,ndewdney4p@wired.com,Female,241.73.132.69
1271,Eddy,Garrad,egarrad4q@discovery.com,Female,33.197.70.51
1272,Britt,Gladtbach,bgladtbach4r@whitehouse.gov,Female,221.206.255.163
1273,Chiquia,Pearde,cpearde4s@nsw.gov.au,Female,124.82.134.234
1274,Gwenette,Caught,gcaught4t@narod.ru,Genderqueer,86.158.32.119
1275,Terrel,Scohier,tscohier4u@dailymail.co.uk,Male,189.137.56.231
1276,Waverly,Clohisey,wclohisey4v@hatena.ne.jp,Genderfluid,11.205.255.102
1277,Marita,Zanuciolii,mzanuciolii4w@dailymail.co.uk,Female,249.178.245.86
1278,Shurlocke,Pilbeam,spilbeam4x@unesco.org,Male,24.46.144.47
1279,Cassey,Heyfield,cheyfield4y@loc.gov,Female,7.98.144.209
1280,Liuka,Keasey,lkeasey4z@etsy.com,Female,211.203.139.143
1281,Hanan,Attenbarrow,hattenbarrow50@ebay.co.uk,Male,99.118.103.34
1282,Maren,Threadgould,mthreadgould51@msn.com,Genderqueer,69.240.122.12
1283,Laura,Lage,llage52@ocn.ne.jp,Female,111.208.94.117
1284,Rosanna,Boote,rboote53@ucla.edu,Female,146.71.167.106
1285,Randal,Hundell,rhundell54@nbcnews.com,Male,85.77.50.215
1286,Shandra,Dorran,sdorran55@joomla.org,Polygender,183.216.199.170
1287,Matt,Simmens,msimmens56@zimbio.com,Male,63.208.213.64
1288,Jedd,Coppard,jcoppard57@bing.com,Male,183.14.245.7
1289,Joye,Casebourne,jcasebourne58@spotify.com,Female,180.13.219.191
1290,Dietrich,Ludl,dludl59@answers.com,Male,125.151.26.216
1291,Cynthie,Beek,cbeek5a@google.cn,Female,198.151.98.210
1292,Codie,Aloigi,caloigi5b@yale.edu,Female,132.189.144.172
1293,Seamus,Mosley,smosley5c@hugedomains.com,Male,77.5.6.110
1294,Jannelle,Goldsmith,jgoldsmith5d@yale.edu,Female,6.211.171.19
1295,Kaia,Lilburne,klilburne5e@dyndns.org,Female,71.90.119.68
1296,Andonis,Wateridge,awateridge5f@cnbc.com,Male,36.145.165.181
1297,Sonnie,Thaxton,sthaxton5g@ustream.tv,Male,241.94.122.78
1298,Veradis,Hagger,vhagger5h@odnoklassniki.ru,Female,249.168.109.158
1299,Selina,Merdew,smerdew5i@yellowpages.com,Female,52.48.26.27
1300,Halsy,Collerd,hcollerd5j@squarespace.com,Male,38.230.201.148
1301,Eleonora,Burwin,eburwin5k@creativecommons.org,Genderfluid,11.13.246.53
1302,Joellen,Frankel,jfrankel5l@flickr.com,Female,72.124.220.250
1303,Bradan,Litton,blitton5m@flavors.me,Male,50.39.95.238
1304,Marilee,MacIlory,mmacilory5n@soup.io,Female,29.159.101.203
1305,Darrell,Perkis,dperkis5o@imgur.com,Male,11.3.40.129
1306,Bartlett,Springtorp,bspringtorp5p@myspace.com,Bigender,134.177.122.235
1307,Brenda,Tytherton,btytherton5q@linkedin.com,Female,9.181.168.18
1308,Olympia,Vankin,ovankin5r@twitter.com,Female,158.77.230.208
1309,Barton,Eard,beard5s@webmd.com,Male,127.32.72.2
1310,Eddy,Stubbe,estubbe5t@jiathis.com,Male,59.192.57.240
1311,Pearl,Merring,pmerring5u@360.cn,Female,98.89.148.10
1312,Brok,Rockliffe,brockliffe5v@globo.com,Male,50.49.187.31
1313,Garrek,Bembridge,gbembridge5w@opera.com,Male,10.121.91.142
1314,Alfie,Wallen,awallen5x@independent.co.uk,Male,78.54.76.240
1315,Lonny,Midford,lmidford5y@whitehouse.gov,Male,71.213.169.105
1316,Tomi,Andrews,tandrews5z@unesco.org,Female,71.19.168.191
1317,Blake,Barlas,bbarlas60@tripadvisor.com,Female,27.28.208.187
1318,Reynolds,Blance,rblance61@furl.net,Male,15.160.105.1
1319,Abran,Glasbey,aglasbey62@oaic.gov.au,Male,97.179.255.52
1320,Rooney,Merrin,rmerrin63@blogs.com,Male,6.122.121.242
1321,Valencia,Linley,vlinley64@dailymail.co.uk,Female,43.138.46.142
1322,Fielding,Cage,fcage65@issuu.com,Male,179.169.18.190
1323,Roxane,Szapiro,rszapiro66@npr.org,Female,213.246.0.64
1324,Reeta,De Lacey,rdelacey67@pbs.org,Female,170.194.149.210
1325,Levon,Ambrois,lambrois68@mashable.com,Male,79.121.41.116
1326,Ashely,Eblein,aeblein69@yellowbook.com,Female,207.141.110.184
1327,Holmes,Teal,hteal6a@ocn.ne.jp,Male,50.24.108.202
1328,Jaynell,Kenway,jkenway6b@people.com.cn,Female,42.32.22.236
1329,Noby,Bayliss,nbayliss6c@live.com,Male,203.150.149.3
1330,Bobette,Nowill,bnowill6d@sourceforge.net,Female,148.28.10.20
1331,Liva,Giddy,lgiddy6e@bigcartel.com,Female,117.219.231.120
1332,Laina,Purnell,lpurnell6f@taobao.com,Female,123.149.155.7
1333,Tucky,Tompkins,ttompkins6g@ebay.com,Male,146.23.84.71
1334,Terrie,Cozens,tcozens6h@networksolutions.com,Female,72.235.249.17
1335,Conway,Guppey,cguppey6i@webmd.com,Bigender,186.191.235.203
1336,Enrique,Clarabut,eclarabut6j@dailymail.co.uk,Male,120.114.204.44
1337,Paule,Fitzsymonds,pfitzsymonds6k@va.gov,Female,2.234.51.21
1338,Duff,Bowery,dbowery6l@quantcast.com,Male,1.30.132.182
1339,Petunia,Towsie,ptowsie6m@nba.com,Female,246.160.189.141
1340,Myra,Eschelle,meschelle6n@yolasite.com,Female,81.88.99.161
1341,Sammie,O'Lyhane,solyhane6o@booking.com,Male,87.179.173.13
1342,Vivia,Hyett,vhyett6p@i2i.jp,Female,63.91.38.17
1343,April,Divisek,adivisek6q@privacy.gov.au,Female,93.145.233.208
1344,Torre,Quilligan,tquilligan6r@microsoft.com,Male,211.142.128.239
1345,Hermione,Woolham,hwoolham6s@wordpress.org,Female,71.189.198.152
1346,Keriann,Easter,keaster6t@earthlink.net,Female,45.92.9.155
1347,Pinchas,Cullerne,pcullerne6u@scribd.com,Male,56.68.41.77
1348,Raina,Yankin,ryankin6v@thetimes.co.uk,Female,254.202.82.47
1349,Andras,Woolvett,awoolvett6w@shop-pro.jp,Male,197.65.10.152
1350,Celia,Antosik,cantosik6x@yandex.ru,Female,41.98.145.55
1351,Laney,Fourmy,lfourmy6y@domainmarket.com,Male,150.54.100.151
1352,Oliviero,Hars,ohars6z@ucla.edu,Male,64.203.173.167
1353,Jemimah,Fuggles,jfuggles70@foxnews.com,Female,50.69.238.141
1354,Kingsly,Doone,kdoone71@domainmarket.com,Male,149.90.186.110
1355,Lefty,Goodship,lgoodship72@jimdo.com,Male,139.8.48.155
1356,Aland,Middis,amiddis73@patch.com,Male,164.28.89.181
1357,Tommy,Garrison,tgarrison74@spotify.com,Female,166.58.4.226
1358,Karylin,Aizikovich,kaizikovich75@aboutads.info,Female,34.37.252.204
1359,Birgit,Austin,baustin76@spiegel.de,Female,157.121.129.146
1360,Germayne,Ivanshintsev,givanshintsev77@cbc.ca,Male,36.217.48.249
1361,Myron,Lobley,mlobley78@oaic.gov.au,Male,52.234.139.28
1362,Bailie,Iianon,biianon79@indiegogo.com,Male,0.212.52.220
1363,Renate,Boome,rboome7a@unc.edu,Female,217.157.175.0
1364,Jedidiah,Grocott,jgrocott7b@wufoo.com,Male,119.211.1.89
1365,Gillian,Danielsen,gdanielsen7c@shinystat.com,Female,226.123.150.190
1366,Josy,Graundisson,jgraundisson7d@ow.ly,Female,179.137.18.222
1367,Laurene,Starte,lstarte7e@businesswire.com,Female,229.200.152.18
1368,Kala,Twaite,ktwaite7f@addthis.com,Female,17.223.68.49
1369,Roana,Slidders,rslidders7g@ameblo.jp,Female,40.8.182.110
1370,Willi,Baxster,wbaxster7h@prlog.org,Male,125.22.94.123
1371,Cassie,Moorhouse,cmoorhouse7i@tuttocitta.it,Male,62.143.216.155
1372,Lorne,Heimann,lheimann7j@theglobeandmail.com,Female,144.228.159.192
1373,Kenon,Laydel,klaydel7k@tinyurl.com,Male,193.113.188.215
1374,Dona,Langan,dlangan7l@apache.org,Female,88.13.93.229
1375,Maddy,Scroyton,mscroyton7m@gnu.org,Female,83.127.25.8
1376,Tadd,Jindrak,tjindrak7n@businesswire.com,Male,16.14.254.87
1377,Ives,Preddle,ipreddle7o@joomla.org,Male,222.255.116.224
1378,Martino,Praundlin,mpraundlin7p@princeton.edu,Male,60.171.64.92
1379,Amby,Doxsey,adoxsey7q@weebly.com,Male,136.42.91.146
1380,Dicky,Spinney,dspinney7r@about.me,Male,81.155.223.214
1381,Kare,MacKaig,kmackaig7s@mozilla.org,Female,44.32.184.161
1382,Lenna,Carss,lcarss7t@tumblr.com,Female,65.138.32.137
1383,Blithe,Kennealy,bkennealy7u@sbwire.com,Female,248.80.254.189
1384,Guillemette,Ligoe,gligoe7v@statcounter.com,Female,87.175.77.174
1385,Batholomew,Lerven,blerven7w@seattletimes.com,Male,73.176.73.190
1386,Charleen,Asquith,casquith7x@npr.org,Female,218.61.236.47
1387,Emlyn,Cashin,ecashin7y@sourceforge.net,Female,99.159.93.94
1388,Anette,McIlwraith,amcilwraith7z@gmpg.org,Female,72.99.117.20
1389,Ronald,Caillou,rcaillou80@tamu.edu,Male,119.57.2.23
1390,Ilario,Oneil,ioneil81@gravatar.com,Male,108.190.10.43
1391,Nestor,Shirer,nshirer82@wsj.com,Male,204.60.201.152
1392,Rachel,Villa,rvilla83@alibaba.com,Polygender,176.72.240.172
1393,Ali,Rimell,arimell84@google.it,Female,1.250.160.15
1394,Otha,Martinson,omartinson85@theatlantic.com,Female,55.27.68.116
1395,Dasie,Chipman,dchipman86@jigsy.com,Female,193.208.12.146
1396,Ado,Whitby,awhitby87@newyorker.com,Male,114.88.90.101
1397,Lek,Erni,lerni88@geocities.jp,Male,57.188.125.197
1398,Hilliard,Shakshaft,hshakshaft89@nymag.com,Male,130.145.113.136
1399,Lyndell,Beslier,lbeslier8a@comcast.net,Female,208.81.29.137
1400,Mickie,Buckland,mbuckland8b@deviantart.com,Male,136.13.152.58
1401,Barris,O'Fallowne,bofallowne8c@ustream.tv,Male,47.250.237.156
1402,Bale,Castel,bcastel8d@github.io,Male,232.180.152.251
1403,Ag,Danilowicz,adanilowicz8e@washingtonpost.com,Female,175.216.87.23
1404,Karen,Hunday,khunday8f@buzzfeed.com,Female,140.122.34.230
1405,Rachael,Hulse,rhulse8g@friendfeed.com,Female,42.118.236.42
1406,Dawna,Biddleston,dbiddleston8h@slashdot.org,Female,8.243.168.50
1407,Efrem,Krolak,ekrolak8i@kickstarter.com,Male,43.55.27.165
1408,Irita,Janaud,ijanaud8j@feedburner.com,Female,143.82.47.14
1409,Ketty,Rowler,krowler8k@cocolog-nifty.com,Non-binary,127.142.3.41
1410,Evangelin,Closs,ecloss8l@google.com.au,Female,235.216.111.173
1411,Louise,Crebo,lcrebo8m@noaa.gov,Female,21.149.172.70
1412,Christie,Anster,canster8n@blog.com,Male,216.96.94.238
1413,Homere,Winterflood,hwinterflood8o@dailymail.co.uk,Male,128.14.199.191
1414,Mayne,Wreiford,mwreiford8p@nhs.uk,Male,18.241.0.225
1415,Gordon,Leyshon,gleyshon8q@sakura.ne.jp,Male,207.230.47.208
1416,Jolene,Cain,jcain8r@theatlantic.com,Female,88.119.147.61
1417,Justinn,Roze,jroze8s@eventbrite.com,Female,37.116.248.103
1418,Lynnett,Allbrook,lallbrook8t@walmart.com,Female,210.254.111.232
1419,Sibel,Grinikhinov,sgrinikhinov8u@msu.edu,Female,248.106.175.141
1420,Harlan,Garratty,hgarratty8v@vimeo.com,Male,105.159.158.112
1421,Christel,Leare,cleare8w@ehow.com,Female,89.255.4.216
1422,Elicia,De Biaggi,edebiaggi8x@vkontakte.ru,Female,9.144.220.73
1423,Cristen,Looney,clooney8y@de.vu,Polygender,161.76.214.138
1424,Brianna,Seger,bseger8z@addtoany.com,Female,207.174.87.178
1425,Dall,Cockroft,dcockroft90@altervista.org,Male,245.153.251.235
1426,Bastian,Kneebone,bkneebone91@prlog.org,Male,99.142.191.198
1427,Kerr,Flament,kflament92@dedecms.com,Male,202.196.199.125
1428,Kaine,Anthoine,kanthoine93@studiopress.com,Male,174.165.51.72
1429,Johannah,Ollet,jollet94@networksolutions.com,Female,207.94.128.241
1430,Waldon,Scrivinor,wscrivinor95@technorati.com,Male,90.9.243.193
1431,Barr,Vedekhov,bvedekhov96@oakley.com,Male,147.213.122.128
1432,Estele,Galle,egalle97@patch.com,Female,64.91.184.125
1433,Kiah,Fairbrace,kfairbrace98@ucla.edu,Genderqueer,232.150.100.128
1434,Lorilyn,Whittington,lwhittington99@delicious.com,Female,225.235.165.149
1435,Perceval,Mesnard,pmesnard9a@so-net.ne.jp,Male,144.141.127.161
1436,Dottie,Bonallack,dbonallack9b@sohu.com,Female,15.14.134.33
1437,Nonie,Calverd,ncalverd9c@statcounter.com,Female,80.122.198.205
1438,Olympie,Yong,oyong9d@hatena.ne.jp,Genderfluid,133.116.175.206
1439,Colan,Dawes,cdawes9e@prlog.org,Male,97.157.208.20
1440,Eartha,Beldam,ebeldam9f@ihg.com,Female,69.59.171.224
1441,Neale,Ashbrook,nashbrook9g@imdb.com,Male,106.203.183.175
1442,Tarah,Wagon,twagon9h@myspace.com,Female,203.252.133.117
1443,Garald,Wigan,gwigan9i@i2i.jp,Male,228.187.174.207
1444,Ivor,Whiskin,iwhiskin9j@wunderground.com,Genderfluid,192.45.65.238
1445,Lita,January 1st,ljanuaryst9k@time.com,Female,127.207.4.156
1446,Tiebout,Stiegars,tstiegars9l@lulu.com,Male,64.161.220.212
1447,Eudora,McKew,emckew9m@bigcartel.com,Female,71.70.103.29
1448,Savina,Calcott,scalcott9n@list-manage.com,Female,181.80.201.239
1449,Carley,Cureton,ccureton9o@youtu.be,Female,153.208.115.244
1450,Stavros,Francescozzi,sfrancescozzi9p@google.ru,Male,102.188.241.144
1451,Derk,Balmer,dbalmer9q@stanford.edu,Male,182.234.121.225
1452,Lyell,Coryndon,lcoryndon9r@freewebs.com,Male,192.162.248.235
1453,Annabelle,Semrad,asemrad9s@slideshare.net,Female,248.136.221.238
1454,Lisette,Stemson,lstemson9t@yelp.com,Female,224.210.93.209
1455,Llewellyn,Du Fray,ldufray9u@uiuc.edu,Male,161.57.68.58
1456,Zorine,Rosebotham,zrosebotham9v@youku.com,Female,1.216.135.37
1457,Nicola,Guinan,nguinan9w@printfriendly.com,Female,43.22.38.142
1458,Sayre,Aiskovitch,saiskovitch9x@ucoz.ru,Male,44.199.35.5
1459,Violetta,Ingre,vingre9y@archive.org,Female,8.77.69.97
1460,Stephannie,Tallis,stallis9z@illinois.edu,Female,36.250.97.171
1461,Lelia,Warboy,lwarboya0@samsung.com,Female,226.53.224.50
1462,Marlee,Bundock,mbundocka1@dell.com,Female,29.77.89.197
1463,Gearalt,Domek,gdomeka2@slashdot.org,Male,200.147.143.230
1464,Florance,Rosenblum,frosenbluma3@reddit.com,Female,235.148.228.205
1465,Marchall,Duhig,mduhiga4@nih.gov,Male,119.160.209.93
1466,Christiane,Hatherley,chatherleya5@google.pl,Female,110.192.165.148
1467,Inglis,Ilbert,iilberta6@icio.us,Male,171.25.85.222
1468,Bronson,Meeus,bmeeusa7@issuu.com,Male,89.233.58.242
1469,Ruthanne,Kyrkeman,rkyrkemana8@hao123.com,Female,155.164.236.131
1470,Toby,Harmstone,tharmstonea9@nba.com,Female,200.58.18.45
1471,Glendon,Maxted,gmaxtedaa@google.es,Male,246.230.27.86
1472,Silvain,Suggitt,ssuggittab@hao123.com,Male,252.12.142.158
1473,Jana,Hathorn,jhathornac@jigsy.com,Female,127.74.193.1
1474,Marv,Pendell,mpendellad@cdbaby.com,Male,220.34.201.0
1475,Tasha,Andreucci,tandreucciae@bluehost.com,Female,23.104.38.250
1476,Adora,Hamper,ahamperaf@hatena.ne.jp,Female,245.205.117.80
1477,Cammy,Peirce,cpeirceag@reuters.com,Non-binary,146.36.132.107
1478,Cheston,O' Quirk,coquirkah@va.gov,Male,196.137.72.62
1479,Cordie,Doddemeede,cdoddemeedeai@prweb.com,Agender,145.182.121.112
1480,Tamiko,Gunney,tgunneyaj@bluehost.com,Female,96.134.220.143
1481,Olvan,Eccott,oeccottak@pen.io,Male,76.36.50.147
1482,Nessi,Kubanek,nkubanekal@census.gov,Female,33.18.26.236
1483,Eldin,Bagg,ebaggam@jugem.jp,Genderqueer,201.233.169.132
1484,Valry,Pensom,vpensoman@economist.com,Agender,7.102.154.253
1485,Pennie,Ronchetti,pronchettiao@acquirethisname.com,Male,199.25.234.254
1486,Valene,Swainson,vswainsonap@newsvine.com,Female,17.237.8.244
1487,Mildred,Cleife,mcleifeaq@addtoany.com,Female,248.196.127.2
1488,Arthur,Mackriell,amackriellar@sakura.ne.jp,Male,162.155.125.155
1489,Jamill,Torrie,jtorrieas@hc360.com,Male,7.26.104.211
1490,Timmy,Cuttles,tcuttlesat@ebay.co.uk,Male,156.122.132.118
1491,Nicholle,Roscher,nroscherau@rambler.ru,Female,33.3.75.41
1492,Almeria,Odams,aodamsav@livejournal.com,Female,123.44.249.250
1493,Maurie,Pilbury,mpilburyaw@blogspot.com,Male,97.148.186.162
1494,Dianemarie,Cottill,dcottillax@hugedomains.com,Female,173.140.243.87
1495,Mirabelle,Huonic,mhuonicay@omniture.com,Genderqueer,59.167.119.1
1496,Hatti,Smissen,hsmissenaz@jalbum.net,Female,34.116.65.239
1497,Storm,Plester,splesterb0@gmpg.org,Female,176.3.185.248
1498,Doyle,Pitchford,dpitchfordb1@desdev.cn,Male,5.81.190.165
1499,Jaimie,Meins,jmeinsb2@macromedia.com,Male,68.58.229.213
1500,Clare,Pacey,cpaceyb3@hp.com,Male,235.66.40.130
1501,Tirrell,Sexstone,tsexstoneb4@uol.com.br,Male,245.62.100.26
1502,Ax,Daintith,adaintithb5@1und1.de,Male,48.99.255.120
1503,Sheelah,Butterfill,sbutterfillb6@ezinearticles.com,Female,99.67.120.34
1504,Drake,Ekkel,dekkelb7@123-reg.co.uk,Male,35.235.12.196
1505,Hedda,Wayne,hwayneb8@spotify.com,Female,53.109.47.138
1506,Dal,Mulvin,dmulvinb9@yahoo.co.jp,Male,70.227.13.145
1507,Marie,Dallywater,mdallywaterba@epa.gov,Female,208.23.208.246
1508,Leelah,Tether,ltetherbb@ifeng.com,Female,184.80.54.198
1509,Rafaela,Abramino,rabraminobc@jimdo.com,Female,150.191.92.115
1510,Beryl,Menichino,bmenichinobd@washington.edu,Female,107.30.151.48
1511,Wallis,Drewitt,wdrewittbe@blogtalkradio.com,Bigender,117.52.163.111
1512,Gianna,Glanister,gglanisterbf@nymag.com,Female,73.92.179.54
1513,Hervey,Torbeck,htorbeckbg@domainmarket.com,Male,242.186.65.26
1514,Obadias,Le Port,oleportbh@upenn.edu,Male,132.37.216.180
1515,Rhodia,Gudger,rgudgerbi@sbwire.com,Female,131.176.164.183
1516,Danya,Janek,djanekbj@prlog.org,Male,249.15.202.207
1517,Annamaria,Calliss,acallissbk@simplemachines.org,Agender,240.37.190.152
1518,Ashil,Monckman,amonckmanbl@cyberchimps.com,Female,166.156.161.12
1519,Gwendolyn,Carlson,gcarlsonbm@ow.ly,Female,69.35.96.148
1520,Brett,Bogges,bboggesbn@cdc.gov,Male,172.159.225.182
1521,Buckie,Turvie,bturviebo@google.ru,Male,66.102.35.223
1522,Filbert,Dongall,fdongallbp@npr.org,Male,121.224.119.167
1523,Stuart,Rotlauf,srotlaufbq@mtv.com,Male,244.52.209.50
1524,Erich,Braganca,ebragancabr@auda.org.au,Male,194.129.159.121
1525,Otho,Knowlden,oknowldenbs@digg.com,Male,120.141.198.139
1526,Marlon,Colleck,mcolleckbt@nymag.com,Male,157.252.77.129
1527,Darin,Wadman,dwadmanbu@bluehost.com,Male,156.85.188.109
1528,Rea,Whitfeld,rwhitfeldbv@reddit.com,Female,57.97.247.118
1529,Calhoun,Dyson,cdysonbw@ibm.com,Male,242.199.0.61
1530,Bard,Sinnett,bsinnettbx@washingtonpost.com,Male,119.27.213.218
1531,Dionne,Sedgwick,dsedgwickby@house.gov,Female,142.228.202.16
1532,Dunn,Helsdon,dhelsdonbz@gov.uk,Non-binary,149.225.22.20
1533,Al,Franklen,afranklenc0@about.com,Male,107.114.62.142
1534,Matti,Slark,mslarkc1@addtoany.com,Female,60.141.161.49
1535,Frank,Billes,fbillesc2@hubpages.com,Female,143.206.90.34
1536,Marcelle,Tinn,mtinnc3@hibu.com,Female,61.210.224.29
1537,Hubie,List,hlistc4@theguardian.com,Male,245.62.9.58
1538,Caryl,Ternent,cternentc5@smh.com.au,Female,84.64.254.112
1539,Gaynor,Drury,gdruryc6@ihg.com,Female,59.47.95.168
1540,Dew,McGaugey,dmcgaugeyc7@sogou.com,Male,224.241.51.123
1541,Bryant,Cumesky,bcumeskyc8@vistaprint.com,Male,11.126.210.202
1542,Mauricio,Ridgley,mridgleyc9@dmoz.org,Male,160.122.24.109
1543,Harlie,Behrens,hbehrensca@netlog.com,Female,168.49.77.189
1544,Dicky,Martinot,dmartinotcb@howstuffworks.com,Male,125.214.40.247
1545,Emmott,Kliemchen,ekliemchencc@paypal.com,Male,32.88.228.4
1546,Kendell,Meert,kmeertcd@wikipedia.org,Male,6.54.107.59
1547,Brockie,Castellani,bcastellanice@ebay.com,Male,179.158.2.48
1548,Konstantine,Balsdone,kbalsdonecf@shop-pro.jp,Male,7.102.8.55
1549,Roland,Fishpoole,rfishpoolecg@mashable.com,Male,250.51.204.1
1550,Naoma,Gloyens,ngloyensch@msn.com,Female,219.76.245.82
1551,Orelle,Semiraz,osemirazci@hhs.gov,Female,92.128.191.168
1552,Leah,Grog,lgrogcj@europa.eu,Female,73.220.114.79
1553,Flossy,Shivlin,fshivlinck@merriam-webster.com,Female,151.113.202.166
1554,Meredithe,Jeaffreson,mjeaffresoncl@sfgate.com,Female,157.122.3.223
1555,Gilberto,Sharphurst,gsharphurstcm@wiley.com,Male,166.125.154.90
1556,Parker,Cambridge,pcambridgecn@whitehouse.gov,Male,214.196.100.249
1557,Osborn,Camilleri,ocamillerico@hc360.com,Male,107.96.6.128
1558,Devonne,Mowbray,dmowbraycp@ox.ac.uk,Female,169.200.121.162
1559,Paula,Cholton,pcholtoncq@yale.edu,Female,247.152.248.23
1560,Molli,Linforth,mlinforthcr@trellian.com,Female,25.135.177.101
1561,Shelton,Bault,sbaultcs@seesaa.net,Male,208.207.98.202
1562,Inna,Marr,imarrct@latimes.com,Bigender,78.215.163.132
1563,Anstice,Beadham,abeadhamcu@mediafire.com,Female,19.39.230.35
1564,Aurthur,Widdicombe,awiddicombecv@tamu.edu,Male,26.29.9.182
1565,Cordelia,Bousquet,cbousquetcw@unicef.org,Female,13.180.89.113
1566,Susie,Windebank,swindebankcx@comsenz.com,Polygender,130.55.117.154
1567,Jerrold,Mordin,jmordincy@comsenz.com,Male,7.86.198.211
1568,Moyna,Feehan,mfeehancz@yale.edu,Female,219.201.208.206
1569,Avrit,Uzelli,auzellid0@liveinternet.ru,Female,56.159.128.46
1570,Fonz,Patchett,fpatchettd1@fotki.com,Male,41.146.67.22
1571,Marena,Skacel,mskaceld2@icio.us,Female,215.241.134.152
1572,Jonas,Stanfield,jstanfieldd3@aol.com,Male,131.112.143.134
1573,Micky,Tatam,mtatamd4@lycos.com,Male,153.73.46.247
1574,Gardiner,Vernau,gvernaud5@fotki.com,Male,101.80.251.52
1575,Franklyn,Madre,fmadred6@alibaba.com,Male,37.69.213.247
1576,Skippy,Stanyforth,sstanyforthd7@storify.com,Male,52.244.122.68
1577,Deeanne,Cattell,dcattelld8@flickr.com,Female,47.69.174.239
1578,Reagen,Barstock,rbarstockd9@sourceforge.net,Male,148.237.39.104
1579,Barris,Clemmitt,bclemmittda@paginegialle.it,Genderfluid,103.71.202.243
1580,Pavia,Smewin,psmewindb@cdc.gov,Female,54.39.209.70
1581,Chance,Grice,cgricedc@drupal.org,Male,53.47.141.56
1582,Levon,Sivorn,lsivorndd@netvibes.com,Male,224.68.21.199
1583,Carly,Smyth,csmythde@ox.ac.uk,Male,192.131.117.201
1584,Lynda,Lowerson,llowersondf@slate.com,Female,156.243.206.129
1585,Towney,Reisen,treisendg@jiathis.com,Male,66.68.233.191
1586,Ignaz,Barwis,ibarwisdh@amazon.co.uk,Male,146.212.44.23
1587,Denna,Tarbin,dtarbindi@huffingtonpost.com,Female,142.53.207.89
1588,Jesselyn,Donaher,jdonaherdj@cmu.edu,Female,60.254.217.149
1589,Madella,Allenby,mallenbydk@g.co,Female,59.207.28.187
1590,Joice,Dunbabin,jdunbabindl@blogs.com,Female,179.133.150.143
1591,Elladine,Ayer,eayerdm@theguardian.com,Bigender,71.246.167.89
1592,Judi,McGuffog,jmcguffogdn@oakley.com,Agender,154.168.215.77
1593,Ximenez,Tassaker,xtassakerdo@youtu.be,Male,80.154.205.163
1594,Clim,Jarrell,cjarrelldp@freewebs.com,Male,182.229.235.102
1595,Ardelis,Entres,aentresdq@apple.com,Female,248.178.191.55
1596,Jane,Barok,jbarokdr@delicious.com,Non-binary,203.195.255.145
1597,Dolli,Verring,dverringds@meetup.com,Genderqueer,78.128.67.153
1598,Waldon,Rivelin,wrivelindt@java.com,Male,136.221.164.45
1599,Judon,Grimolbie,jgrimolbiedu@washington.edu,Non-binary,197.236.195.197
1600,Nilson,Spinney,nspinneydv@apache.org,Male,236.71.248.232
1601,Shela,Skinn,sskinndw@github.io,Female,201.151.146.78
1602,Joy,Coppeard,jcoppearddx@europa.eu,Female,58.0.1.242
1603,Peggi,Bulfoy,pbulfoydy@slashdot.org,Female,252.2.27.249
1604,Sheri,Moseley,smoseleydz@freewebs.com,Female,238.6.236.15
1605,Kassandra,Jina,kjinae0@pinterest.com,Bigender,229.143.206.196
1606,Andrej,Fawltey,afawlteye1@webeden.co.uk,Male,161.74.227.242
1607,Jermain,Courtenay,jcourtenaye2@php.net,Male,169.189.235.109
1608,Gilbertina,Ceely,gceelye3@prlog.org,Female,74.242.147.179
1609,Hasty,Jelleman,hjellemane4@elpais.com,Male,79.173.244.202
1610,Flossy,Hayesman,fhayesmane5@gizmodo.com,Female,171.25.53.211
1611,Leigh,Kinningley,lkinningleye6@examiner.com,Female,115.199.123.189
1612,Tann,Shelper,tshelpere7@usgs.gov,Male,109.117.180.26
1613,Erek,Wandrach,ewandrache8@businesswire.com,Male,243.157.74.225
1614,Moina,Dulson,mdulsone9@canalblog.com,Female,113.112.43.54
1615,Kissie,Fetter,kfetterea@imageshack.us,Female,83.63.104.177
1616,Teodor,Pretti,tprettieb@bing.com,Male,27.16.146.202
1617,Codi,Scanlan,cscanlanec@wp.com,Female,168.136.49.115
1618,Kasey,Wingar,kwingared@umich.edu,Female,36.121.206.249
1619,Cosimo,Gilhoolie,cgilhoolieee@bluehost.com,Male,30.78.152.78
1620,Sigismondo,Goathrop,sgoathropef@flickr.com,Male,121.77.3.231
1621,Consolata,Livesley,clivesleyeg@netvibes.com,Non-binary,250.99.124.114
1622,Nelie,Witcomb,nwitcombeh@vinaora.com,Female,6.196.184.10
1623,Wenona,Ormond,wormondei@hostgator.com,Female,142.47.77.113
1624,Johnny,Camillo,jcamilloej@1688.com,Male,20.28.200.253
1625,Roobbie,Rubinsztein,rrubinszteinek@answers.com,Female,156.207.172.57
1626,Heloise,Bale,hbaleel@360.cn,Female,114.45.165.139
1627,Haslett,Wilce,hwilceem@chron.com,Male,238.44.237.222
1628,Arte,Batstone,abatstoneen@gnu.org,Male,3.18.231.245
1629,Gaylene,Woodroffe,gwoodroffeeo@technorati.com,Female,230.232.96.142
1630,Malia,Pordal,mpordalep@meetup.com,Female,223.96.142.55
1631,Ardys,Jenckes,ajenckeseq@sogou.com,Female,240.192.81.86
1632,Ezri,Liddiard,eliddiarder@sitemeter.com,Male,40.111.197.242
1633,Judie,Tumelty,jtumeltyes@economist.com,Female,202.88.98.43
1634,Elita,Eminson,eeminsonet@merriam-webster.com,Female,154.50.2.201
1635,Peirce,Trathan,ptrathaneu@ehow.com,Male,169.179.31.124
1636,Robbert,Leversha,rlevershaev@engadget.com,Male,245.61.88.13
1637,Gianna,Woodlands,gwoodlandsew@salon.com,Female,155.144.222.56
1638,Siouxie,Hundley,shundleyex@rambler.ru,Female,8.214.128.130
1639,Rori,Markos,rmarkosey@so-net.ne.jp,Female,0.251.160.8
1640,Malachi,Charge,mchargeez@thetimes.co.uk,Male,66.80.46.112
1641,Aubrey,Cammock,acammockf0@mapy.cz,Female,144.165.217.231
1642,Dorolisa,Ciciari,dciciarif1@ft.com,Female,152.182.42.146
1643,Fair,Channon,fchannonf2@vkontakte.ru,Male,68.54.85.153
1644,Claus,Hinchon,chinchonf3@springer.com,Genderfluid,74.48.7.67
1645,Diandra,Getty,dgettyf4@dagondesign.com,Female,162.149.143.245
1646,Carlota,Pigot,cpigotf5@google.com.au,Female,20.6.59.254
1647,Kalindi,Tranter,ktranterf6@usgs.gov,Female,1.192.34.46
1648,Ahmed,Stollberger,astollbergerf7@ezinearticles.com,Male,27.51.153.188
1649,Antone,Molder,amolderf8@free.fr,Male,210.16.219.192
1650,Barb,Nafziger,bnafzigerf9@eventbrite.com,Female,138.148.46.154
1651,Aubrie,Burnhams,aburnhamsfa@theatlantic.com,Female,52.123.69.106
1652,Gerardo,Duddle,gduddlefb@ted.com,Male,217.214.189.98
1653,Ileana,Phin,iphinfc@illinois.edu,Female,110.127.245.94
1654,Elvina,Koppes,ekoppesfd@merriam-webster.com,Bigender,249.136.214.253
1655,Janice,Acors,jacorsfe@harvard.edu,Female,116.21.87.240
1656,Melantha,Dearness,mdearnessff@phpbb.com,Female,117.79.52.108
1657,Mathe,Sears,msearsfg@blogtalkradio.com,Male,173.183.159.71
1658,Charmian,Borres,cborresfh@businessweek.com,Female,26.126.175.250
1659,Gunner,Ruggs,gruggsfi@businessinsider.com,Male,0.135.14.200
1660,Theo,Savidge,tsavidgefj@wp.com,Female,119.252.150.168
1661,Simonne,Branton,sbrantonfk@answers.com,Female,158.25.182.198
1662,Ivonne,Tilsley,itilsleyfl@taobao.com,Female,250.129.242.251
1663,Lorette,Dinsale,ldinsalefm@live.com,Female,214.82.98.95
1664,Leslie,Suermeier,lsuermeierfn@miibeian.gov.cn,Male,183.43.246.205
1665,Myrah,Littleover,mlittleoverfo@google.ca,Female,161.203.118.183
1666,Joelle,Boyes,jboyesfp@drupal.org,Genderfluid,157.225.204.97
1667,Jan,Kumaar,jkumaarfq@auda.org.au,Female,207.157.46.65
1668,Corbett,Stacy,cstacyfr@stanford.edu,Male,114.199.50.11
1669,Maribelle,Boal,mboalfs@blogtalkradio.com,Female,55.64.119.33
1670,Archibald,Shakespear,ashakespearft@dropbox.com,Male,0.84.64.22
1671,Roman,Becraft,rbecraftfu@drupal.org,Male,158.9.115.45
1672,Gerome,Walford,gwalfordfv@bbb.org,Male,18.26.208.16
1673,Humfrey,Stedson,hstedsonfw@blogger.com,Male,251.139.168.48
1674,Maegan,Wittleton,mwittletonfx@yale.edu,Female,198.192.9.236
1675,Adara,Kennet,akennetfy@aol.com,Female,93.58.62.181
1676,Ike,Moxley,imoxleyfz@omniture.com,Male,210.211.192.104
1677,Paulette,Wormleighton,pwormleightong0@flavors.me,Female,31.246.167.141
1678,Randolf,Kiehne,rkiehneg1@fotki.com,Male,16.114.164.11
1679,Lilllie,Thornton,lthorntong2@123-reg.co.uk,Female,36.218.128.4
1680,Selina,Clemot,sclemotg3@unesco.org,Female,78.44.28.68
1681,Estrellita,Erb,eerbg4@theglobeandmail.com,Bigender,27.90.37.109
1682,Brodie,Chrismas,bchrismasg5@gnu.org,Male,237.160.202.236
1683,Ibrahim,Sherland,isherlandg6@bloomberg.com,Male,73.6.91.117
1684,Cecilius,Schultze,cschultzeg7@clickbank.net,Male,157.26.19.191
1685,Nell,MacTague,nmactagueg8@berkeley.edu,Female,68.242.157.58
1686,Ashla,Penlington,apenlingtong9@time.com,Female,81.31.55.136
1687,Beauregard,Sallings,bsallingsga@gnu.org,Male,35.245.238.217
1688,Hasheem,Harle,hharlegb@unblog.fr,Male,67.84.209.40
1689,Brant,Bezley,bbezleygc@nature.com,Male,149.7.71.145
1690,Nalani,Bidewel,nbidewelgd@google.cn,Female,6.1.226.85
1691,Gav,Brognot,gbrognotge@infoseek.co.jp,Male,154.159.153.180
1692,Prent,Haslum,phaslumgf@typepad.com,Male,236.84.206.31
1693,Doralynn,Gantlett,dgantlettgg@hc360.com,Female,95.72.165.186
1694,Caitrin,Kilcullen,ckilcullengh@ox.ac.uk,Female,89.156.217.104
1695,Adolf,Cuseick,acuseickgi@nydailynews.com,Male,117.12.18.248
1696,Donny,D'Ambrogio,ddambrogiogj@mozilla.org,Female,229.184.184.175
1697,Fionnula,Fricke,ffrickegk@mediafire.com,Female,84.220.23.46
1698,Kore,Mouland,kmoulandgl@moonfruit.com,Female,228.180.155.85
1699,Quillan,Fitzmaurice,qfitzmauricegm@amazon.com,Male,17.182.108.182
1700,Walt,Redgrave,wredgravegn@com.com,Male,185.6.61.28
1701,Griffie,Meenan,gmeenango@fastcompany.com,Male,237.251.92.37
1702,Sascha,Kedslie,skedsliegp@deliciousdays.com,Male,244.176.90.54
1703,Daile,Sidaway,dsidawaygq@squarespace.com,Female,69.35.144.224
1704,Idell,Wilprecht,iwilprechtgr@guardian.co.uk,Female,5.84.85.0
1705,Reid,Pendergrast,rpendergrastgs@livejournal.com,Polygender,117.156.166.152
1706,Griselda,Bunclark,gbunclarkgt@mail.ru,Female,32.123.128.110
1707,Fabian,Wiffen,fwiffengu@salon.com,Male,249.87.163.45
1708,Bobbie,Benge,bbengegv@reverbnation.com,Male,14.77.223.32
1709,Casper,Zanioletti,czaniolettigw@cnn.com,Male,19.147.91.19
1710,Siegfried,Matfin,smatfingx@istockphoto.com,Male,216.171.202.148
1711,Norton,de Leon,ndeleongy@umich.edu,Male,154.227.109.6
1712,Gavra,Merle,gmerlegz@state.tx.us,Non-binary,72.79.225.105
1713,Inger,Hurich,ihurichh0@bloomberg.com,Genderfluid,197.248.227.153
1714,Damon,Timmens,dtimmensh1@e-recht24.de,Male,47.229.233.202
1715,Claire,Cowap,ccowaph2@census.gov,Male,23.32.101.21
1716,Gaylord,Skelhorn,gskelhornh3@wix.com,Male,46.81.71.66
1717,Celestia,Clover,ccloverh4@yale.edu,Female,227.235.181.109
1718,Traci,Tillett,ttilletth5@ibm.com,Female,252.244.247.169
1719,Josefina,Webb-Bowen,jwebbbowenh6@creativecommons.org,Female,197.3.106.26
1720,Laina,Brogioni,lbrogionih7@yellowpages.com,Female,89.5.10.77
1721,Vasilis,Flips,vflipsh8@hostgator.com,Male,81.143.215.67
1722,Quentin,Acors,qacorsh9@vkontakte.ru,Male,227.127.196.154
1723,Minor,McClary,mmcclaryha@cam.ac.uk,Male,17.19.25.146
1724,Annabal,Butterley,abutterleyhb@deviantart.com,Female,47.80.68.50
1725,Lise,Kisbey,lkisbeyhc@thetimes.co.uk,Female,243.20.247.110
1726,Elsworth,Demetr,edemetrhd@time.com,Male,101.76.67.19
1727,Rocky,Firebrace,rfirebracehe@multiply.com,Male,8.217.239.238
1728,Marten,Balding,mbaldinghf@wordpress.org,Male,172.152.197.115
1729,Phylis,Brame,pbramehg@psu.edu,Female,29.168.76.117
1730,Jermain,Codlin,jcodlinhh@gmpg.org,Male,239.83.110.144
1731,Keen,Olenov,kolenovhi@ft.com,Male,233.219.61.145
1732,Cesya,Ilyenko,cilyenkohj@ft.com,Female,228.238.2.177
1733,Cob,Skitch,cskitchhk@amazon.de,Male,67.226.32.45
1734,Gianni,Hargie,ghargiehl@lulu.com,Agender,144.128.146.88
1735,Val,Lages,vlageshm@ning.com,Female,3.66.217.36
1736,Gerta,Tenaunt,gtenaunthn@answers.com,Female,72.207.202.37
1737,Gannon,Simner,gsimnerho@kickstarter.com,Male,85.124.73.253
1738,Ingrid,Sandercock,isandercockhp@seesaa.net,Female,141.225.143.61
1739,Lurline,Riglar,lriglarhq@youtu.be,Female,12.140.14.205
1740,Ellswerth,Scarth,escarthhr@senate.gov,Bigender,170.35.52.72
1741,Deirdre,Sagrott,dsagrotths@china.com.cn,Female,229.157.143.49
1742,Eada,Artiss,eartissht@apache.org,Female,50.166.211.24
1743,Deeanne,Hendrickson,dhendricksonhu@shop-pro.jp,Genderfluid,136.162.194.38
1744,Leo,Heasly,lheaslyhv@google.de,Male,35.44.122.25
1745,Celisse,Ivel,civelhw@nps.gov,Female,109.8.124.75
1746,Beatrisa,Cranney,bcranneyhx@usatoday.com,Female,114.89.59.73
1747,Quintana,Northall,qnorthallhy@dedecms.com,Female,247.89.12.223
1748,Leupold,Iglesiaz,liglesiazhz@techcrunch.com,Male,84.191.26.124
1749,Toddie,Parradye,tparradyei0@dedecms.com,Male,59.29.170.166
1750,Chariot,Baytrop,cbaytropi1@dailymail.co.uk,Male,116.3.98.175
1751,Tremain,Lawly,tlawlyi2@nhs.uk,Polygender,220.229.29.167
1752,Herc,Harper,hharperi3@theglobeandmail.com,Male,60.71.241.112
1753,Ilsa,Pritchett,ipritchetti4@mit.edu,Female,162.59.209.87
1754,Siusan,Priden,sprideni5@java.com,Female,127.25.114.0
1755,Daven,Larvin,dlarvini6@bandcamp.com,Male,37.164.252.239
1756,Alley,Easby,aeasbyi7@paginegialle.it,Male,65.163.82.53
1757,Jobyna,Ingraham,jingrahami8@admin.ch,Female,101.89.60.90
1758,Casar,Klauber,cklauberi9@spotify.com,Male,155.32.53.146
1759,Ardelia,Dunbleton,adunbletonia@state.tx.us,Female,64.146.50.232
1760,Remington,Drew-Clifton,rdrewcliftonib@dmoz.org,Male,160.171.129.25
1761,Wiatt,Outright,woutrightic@simplemachines.org,Male,198.32.135.203
1762,Beau,Pes,bpesid@about.me,Male,58.84.228.177
1763,Jefferey,Siddeley,jsiddeleyie@1688.com,Male,253.103.20.201
1764,Alyse,Skaife d'Ingerthorpe,askaifedingerthorpeif@addthis.com,Female,162.138.47.225
1765,Sib,Nayer,snayerig@github.com,Female,251.232.78.178
1766,Walker,Engall,wengallih@artisteer.com,Male,107.29.92.179
1767,Dynah,MacAndrew,dmacandrewii@google.com.hk,Female,49.181.93.126
1768,Claudine,Pirrie,cpirrieij@intel.com,Bigender,117.240.39.183
1769,Sam,Hansell,shansellik@quantcast.com,Female,190.138.46.29
1770,Jamal,Sporle,jsporleil@wsj.com,Genderfluid,16.71.12.115
1771,Claire,Pashby,cpashbyim@tripadvisor.com,Female,136.0.125.28
1772,Terrence,Kensett,tkensettin@sakura.ne.jp,Male,69.76.110.238
1773,Jennie,Byer,jbyerio@ucoz.ru,Bigender,209.142.3.37
1774,Ganny,Kendred,gkendredip@friendfeed.com,Male,73.87.52.55
1775,Marilyn,Rayne,mrayneiq@dyndns.org,Non-binary,78.87.231.11
1776,Sylvan,Dashkovich,sdashkovichir@webeden.co.uk,Male,156.236.123.126
1777,Sebastien,Brewins,sbrewinsis@google.ca,Male,97.245.51.127
1778,Udale,MacAllan,umacallanit@usgs.gov,Male,112.186.255.72
1779,Roderic,Oakland,roaklandiu@networkadvertising.org,Male,99.229.126.167
1780,Corene,Edkins,cedkinsiv@blog.com,Female,128.123.204.55
1781,Marielle,Morot,mmorotiw@yelp.com,Female,92.5.47.128
1782,Evita,Poore,epooreix@omniture.com,Bigender,114.100.181.227
1783,Deanne,Plaskitt,dplaskittiy@guardian.co.uk,Female,39.243.68.24
1784,Heida,Yuille,hyuilleiz@weather.com,Female,180.0.96.228
1785,Adah,Petroselli,apetrosellij0@rediff.com,Female,43.144.71.217
1786,Alanson,Kellie,akelliej1@geocities.com,Male,165.151.163.249
1787,Brant,Delgado,bdelgadoj2@angelfire.com,Male,100.146.66.68
1788,Teressa,Hartwell,thartwellj3@hubpages.com,Bigender,111.168.188.9
1789,Roseanna,Craigg,rcraiggj4@unc.edu,Female,1.253.46.60
1790,Bond,Linden,blindenj5@google.fr,Male,87.247.227.40
1791,Bourke,Allitt,ballittj6@hao123.com,Male,111.48.106.199
1792,Enrica,Tatnell,etatnellj7@youku.com,Female,113.35.125.18
1793,Zora,Garms,zgarmsj8@technorati.com,Female,77.205.120.209
1794,Demetra,Barsby,dbarsbyj9@thetimes.co.uk,Female,244.145.166.242
1795,Serena,Frane,sfraneja@google.com.br,Female,248.225.83.102
1796,Bryana,Thickett,bthickettjb@1und1.de,Female,218.44.103.151
1797,Nealson,Tal,ntaljc@nature.com,Male,255.94.214.241
1798,Kara,Fosdyke,kfosdykejd@census.gov,Female,29.160.14.135
1799,Tim,Verchambre,tverchambreje@cbc.ca,Male,110.187.126.204
1800,Eachelle,Rawet,erawetjf@networksolutions.com,Genderqueer,83.207.81.174
1801,Tabbi,Karpenya,tkarpenyajg@biglobe.ne.jp,Female,205.155.229.75
1802,Mendel,Coventry,mcoventryjh@statcounter.com,Male,137.247.165.184
1803,Kiah,Sleite,ksleiteji@angelfire.com,Female,29.59.39.249
1804,Annnora,Parradice,aparradicejj@foxnews.com,Female,55.222.223.114
1805,Axel,Dales,adalesjk@lycos.com,Male,60.178.104.195
1806,Andie,Jaquiss,ajaquissjl@webs.com,Male,192.157.35.69
1807,Iggy,Burkart,iburkartjm@wisc.edu,Male,142.223.141.151
1808,Caty,Popple,cpopplejn@nhs.uk,Female,212.187.232.53
1809,Thaxter,Sarver,tsarverjo@businessinsider.com,Male,238.237.101.197
1810,Jacynth,Evitt,jevittjp@rediff.com,Female,222.175.93.181
1811,Rudiger,Cussons,rcussonsjq@bravesites.com,Male,52.130.155.44
1812,Lorena,Campos,lcamposjr@wordpress.org,Genderfluid,15.163.19.1
1813,Pauli,Tofts,ptoftsjs@cafepress.com,Female,53.33.116.133
1814,Ronald,Jellett,rjellettjt@soundcloud.com,Male,121.244.38.195
1815,Constantin,Dowderswell,cdowderswellju@fema.gov,Male,157.104.42.241
1816,Jennine,Ollier,jollierjv@dropbox.com,Female,83.8.227.134
1817,Zak,Risborough,zrisboroughjw@angelfire.com,Male,249.234.105.70
1818,Oliver,Brockton,obrocktonjx@163.com,Male,46.189.29.34
1819,Barnard,Le Brom,blebromjy@ihg.com,Male,172.93.111.150
1820,Irvine,Wilstead,iwilsteadjz@a8.net,Male,228.36.130.57
1821,Eleanor,Michelotti,emichelottik0@printfriendly.com,Female,45.225.227.29
1822,Eilis,Posnett,eposnettk1@diigo.com,Female,187.145.158.193
1823,Elane,Gabrieli,egabrielik2@edublogs.org,Female,174.79.92.138
1824,Krystalle,Pell,kpellk3@chronoengine.com,Female,84.69.31.45
1825,Dorisa,Rowbrey,drowbreyk4@360.cn,Female,240.114.96.79
1826,Modestia,Powles,mpowlesk5@ed.gov,Female,155.216.132.54
1827,Alford,Verni,avernik6@google.pl,Male,187.87.133.91
1828,Chevalier,Garbar,cgarbark7@uiuc.edu,Male,72.175.114.23
1829,Dulcine,Cory,dcoryk8@livejournal.com,Female,70.94.68.107
1830,Sammy,Brightman,sbrightmank9@google.co.uk,Female,164.93.27.86
1831,Darryl,Dicks,ddickska@printfriendly.com,Polygender,96.31.211.145
1832,Eveleen,Seakings,eseakingskb@hhs.gov,Female,32.136.134.228
1833,Talbert,De Lascy,tdelascykc@liveinternet.ru,Male,77.97.35.1
1834,Dyane,Faro,dfarokd@alexa.com,Female,152.114.43.218
1835,Ag,Eirwin,aeirwinke@wordpress.org,Female,60.66.237.47
1836,Theressa,Scoble,tscoblekf@exblog.jp,Non-binary,94.74.19.49
1837,Ulrica,Rosiello,urosiellokg@google.ru,Female,29.8.77.119
1838,Pennie,Mingardi,pmingardikh@list-manage.com,Male,219.180.126.103
1839,Krystalle,Locker,klockerki@ycombinator.com,Female,168.44.195.105
1840,Enoch,Pleace,epleacekj@amazon.co.jp,Male,50.24.30.85
1841,Ruperta,Ybarra,rybarrakk@cdc.gov,Female,17.50.251.76
1842,Elwin,Woolis,ewooliskl@princeton.edu,Male,160.11.100.179
1843,Zulema,Calton,zcaltonkm@google.ru,Female,110.215.27.42
1844,Elyse,McGilben,emcgilbenkn@yellowpages.com,Female,239.175.7.179
1845,Artemis,Alliker,aallikerko@domainmarket.com,Male,155.55.74.88
1846,Lia,Van Leeuwen,lvanleeuwenkp@hhs.gov,Female,23.141.59.22
1847,Guillema,Konneke,gkonnekekq@businessweek.com,Female,20.184.77.199
1848,Benson,Fanti,bfantikr@clickbank.net,Male,226.147.70.193
1849,Cornie,Bollam,cbollamks@unblog.fr,Male,77.183.174.231
1850,Wilbur,Boord,wboordkt@ebay.co.uk,Male,118.36.151.101
1851,Collie,Castella,ccastellaku@hugedomains.com,Female,46.19.210.150
1852,Eamon,Vokes,evokeskv@usatoday.com,Male,21.203.245.66
1853,Damon,Rudram,drudramkw@wordpress.com,Male,195.170.227.91
1854,Phelia,Sleit,psleitkx@house.gov,Female,124.195.16.133
1855,Hart,Stanluck,hstanluckky@xing.com,Male,14.214.183.153
1856,Markos,Shields,mshieldskz@stumbleupon.com,Male,197.88.199.14
1857,Milka,Strewthers,mstrewthersl0@wp.com,Female,129.20.149.132
1858,Brendis,Pearse,bpearsel1@meetup.com,Male,229.133.206.112
1859,Petra,Coen,pcoenl2@com.com,Female,193.2.8.179
1860,Isidoro,Ledwidge,iledwidgel3@newyorker.com,Bigender,71.62.39.68
1861,Bernarr,Toffolini,btoffolinil4@cloudflare.com,Male,119.243.87.211
1862,Peria,Di Matteo,pdimatteol5@elegantthemes.com,Female,252.84.15.93
1863,Rori,Malone,rmalonel6@nba.com,Female,247.147.155.88
1864,Aeriela,Learoyd,alearoydl7@dropbox.com,Female,41.183.3.65
1865,Lazare,Heinrich,lheinrichl8@techcrunch.com,Male,75.175.80.80
1866,Chick,Boole,cboolel9@sina.com.cn,Male,224.76.173.162
1867,Graehme,Aizik,gaizikla@yelp.com,Male,224.100.139.215
1868,Kizzie,Fundell,kfundelllb@123-reg.co.uk,Female,58.163.68.135
1869,Germaine,Nicol,gnicollc@tuttocitta.it,Male,199.237.195.19
1870,Elora,Bromfield,ebromfieldld@a8.net,Female,231.196.222.44
1871,Constance,Pighills,cpighillsle@google.cn,Female,151.129.150.234
1872,Lorry,Wudeland,lwudelandlf@loc.gov,Male,216.95.159.168
1873,Kort,Kundert,kkundertlg@homestead.com,Male,221.35.189.95
1874,Silva,Treves,streveslh@cloudflare.com,Genderqueer,188.167.30.183
1875,Cleo,Chrichton,cchrichtonli@wp.com,Female,131.211.84.158
1876,Elsworth,Sacaze,esacazelj@goo.gl,Male,30.92.111.43
1877,Cayla,Pennicott,cpennicottlk@prnewswire.com,Female,87.32.32.155
1878,Ian,Winstanley,iwinstanleyll@dagondesign.com,Male,170.44.93.104
1879,Becki,Grishukov,bgrishukovlm@digg.com,Female,174.37.88.89
1880,Quentin,Quaintance,qquaintanceln@wired.com,Male,254.14.101.185
1881,Filide,Taverner,ftavernerlo@youku.com,Female,54.163.149.243
1882,Carri,Peeters,cpeeterslp@google.ca,Female,244.28.150.10
1883,Missy,Macieja,mmaciejalq@theglobeandmail.com,Agender,146.13.188.127
1884,Rozelle,Spatig,rspatiglr@hostgator.com,Female,42.88.120.203
1885,Iolande,Ledgerton,iledgertonls@wired.com,Female,40.153.85.239
1886,Jarret,Killingbeck,jkillingbecklt@360.cn,Male,168.42.56.219
1887,West,Bamber,wbamberlu@wordpress.org,Male,169.198.205.112
1888,Humbert,Corrett,hcorrettlv@mtv.com,Male,174.3.113.141
1889,Jose,Sullly,jsulllylw@google.co.uk,Male,46.210.15.68
1890,Gale,Franz,gfranzlx@wordpress.org,Male,219.151.118.124
1891,Shoshanna,Roddell,sroddellly@aboutads.info,Agender,184.181.228.161
1892,Boyd,Waller-Bridge,bwallerbridgelz@wsj.com,Male,72.233.84.124
1893,Perren,McNeillie,pmcneilliem0@tripadvisor.com,Male,241.193.92.239
1894,Karine,Greve,kgrevem1@google.co.jp,Female,16.239.83.251
1895,Grata,Asipenko,gasipenkom2@ihg.com,Female,105.128.78.4
1896,Vitoria,Dowgill,vdowgillm3@tuttocitta.it,Female,52.35.178.8
1897,Geordie,Mohammed,gmohammedm4@reddit.com,Male,248.17.244.0
1898,Millie,Dallyn,mdallynm5@mozilla.org,Female,80.200.161.75
1899,Jakob,Eade,jeadem6@ask.com,Male,47.108.100.102
1900,Jeralee,Lowdham,jlowdhamm7@hugedomains.com,Female,158.214.219.128
1901,Averyl,Domenici,adomenicim8@vkontakte.ru,Female,59.13.207.137
1902,Elayne,Yetman,eyetmanm9@pinterest.com,Female,120.243.59.10
1903,Janene,Soaper,jsoaperma@free.fr,Female,116.217.123.160
1904,Cindelyn,De Laci,cdelacimb@acquirethisname.com,Female,89.140.240.13
1905,Ced,Sangster,csangstermc@sourceforge.net,Male,212.4.111.246
1906,Jacobo,Layland,jlaylandmd@eventbrite.com,Male,213.212.10.190
1907,Sandro,Drennan,sdrennanme@mozilla.com,Male,56.93.126.210
1908,Vernen,Bloyes,vbloyesmf@chronoengine.com,Male,225.130.94.19
1909,Kipp,Monksfield,kmonksfieldmg@printfriendly.com,Female,60.55.209.73
1910,Courtenay,Buttrick,cbuttrickmh@globo.com,Female,58.217.178.100
1911,Cletus,MacFarlan,cmacfarlanmi@posterous.com,Male,14.77.137.150
1912,Nike,Salmon,nsalmonmj@infoseek.co.jp,Female,208.231.250.247
1913,Penrod,Toulamain,ptoulamainmk@goo.ne.jp,Male,217.179.228.102
1914,Temp,Espie,tespieml@nba.com,Male,236.105.155.204
1915,Zelig,Alison,zalisonmm@github.io,Male,235.108.219.242
1916,Thalia,Dene,tdenemn@dyndns.org,Female,54.173.137.6
1917,Urbain,Vautrey,uvautreymo@dion.ne.jp,Male,141.109.0.129
1918,Lamont,Aaronsohn,laaronsohnmp@1und1.de,Non-binary,66.37.240.24
1919,Hartley,Greensitt,hgreensittmq@unc.edu,Male,171.61.189.133
1920,Risa,Petry,rpetrymr@eepurl.com,Female,239.170.208.175
1921,Sheffield,Eberst,seberstms@de.vu,Male,176.113.237.94
1922,Lyndsey,Larkby,llarkbymt@typepad.com,Female,70.28.89.68
1923,Cortney,Ashburne,cashburnemu@infoseek.co.jp,Female,69.217.188.143
1924,Emera,Olyff,eolyffmv@cdc.gov,Female,132.96.140.187
1925,Gage,Habron,ghabronmw@woothemes.com,Male,180.96.130.154
1926,Florette,McNiven,fmcnivenmx@clickbank.net,Female,23.117.26.232
1927,Rex,Henlon,rhenlonmy@opensource.org,Male,81.195.206.226
1928,Carrie,Kevis,ckevismz@ehow.com,Female,16.231.98.217
1929,Langston,Hexam,lhexamn0@myspace.com,Male,234.31.193.160
1930,Cristal,Pammenter,cpammentern1@google.ca,Female,207.188.138.64
1931,Inga,Mac Giolla Pheadair,imacgiollapheadairn2@soundcloud.com,Female,141.3.175.75
1932,Haily,Widdicombe,hwiddicomben3@twitpic.com,Female,119.4.126.217
1933,Corrie,Cayford,ccayfordn4@feedburner.com,Female,226.141.127.132
1934,Cullin,Hicken,chickenn5@umich.edu,Male,122.71.3.61
1935,Wolfy,Pember,wpembern6@technorati.com,Male,163.56.123.164
1936,Bone,Crips,bcripsn7@51.la,Male,194.118.119.132
1937,Tatum,Borman,tbormann8@webeden.co.uk,Female,26.208.210.187
1938,Chad,Capin,ccapinn9@sciencedaily.com,Agender,136.31.53.175
1939,Joellen,Polak,jpolakna@altervista.org,Non-binary,142.81.28.173
1940,Sigismond,Mc Ilory,smcilorynb@google.pl,Male,117.92.107.109
1941,Toddy,Furnival,tfurnivalnc@scribd.com,Male,150.41.124.13
1942,Monty,Millichap,mmillichapnd@histats.com,Male,110.226.2.212
1943,Chanda,Bell,cbellne@wufoo.com,Female,110.79.76.120
1944,Rolf,MacPharlain,rmacpharlainnf@meetup.com,Male,122.254.105.140
1945,Josy,Paireman,jpairemanng@indiegogo.com,Female,101.206.92.47
1946,Cleopatra,Cheatle,ccheatlenh@hud.gov,Female,107.199.30.169
1947,Colleen,Alastair,calastairni@miibeian.gov.cn,Female,167.74.111.243
1948,Des,Restieaux,drestieauxnj@ed.gov,Male,52.46.52.247
1949,Read,Crittal,rcrittalnk@japanpost.jp,Genderfluid,153.104.22.241
1950,Brockie,Cathersides,bcathersidesnl@spiegel.de,Male,233.56.104.43
1951,Marthena,Hundell,mhundellnm@skype.com,Female,86.13.172.12
1952,Todd,Hargraves,thargravesnn@yale.edu,Male,140.107.68.178
1953,Lizette,Holstein,lholsteinno@usda.gov,Female,206.135.116.212
1954,Delphinia,Shardlow,dshardlownp@furl.net,Female,192.148.118.81
1955,Vasilis,Genicke,vgenickenq@4shared.com,Male,170.172.220.18
1956,Juditha,Sickamore,jsickamorenr@cocolog-nifty.com,Female,205.206.65.145
1957,Charlene,Camplejohn,ccamplejohnns@thetimes.co.uk,Female,53.230.19.48
1958,Enrique,Ackrill,eackrillnt@hostgator.com,Male,71.37.133.160
1959,Clarie,Spellessy,cspellessynu@seattletimes.com,Female,130.109.227.139
1960,Myer,Cawthera,mcawtheranv@cpanel.net,Male,78.233.49.213
1961,Ingeborg,Brodeau,ibrodeaunw@un.org,Female,151.169.34.38
1962,Syd,Dumbarton,sdumbartonnx@sakura.ne.jp,Male,43.104.53.219
1963,Lacie,Eouzan,leouzanny@quantcast.com,Female,254.121.116.123
1964,Latrena,Vezey,lvezeynz@loc.gov,Female,173.43.230.192
1965,Rhonda,Warmington,rwarmingtono0@unc.edu,Female,229.110.24.126
1966,Jamey,Palphramand,jpalphramando1@de.vu,Male,94.186.140.24
1967,Kimmi,Muncie,kmuncieo2@about.me,Female,28.255.192.104
1968,Marin,Ithell,mithello3@indiegogo.com,Female,218.74.33.187
1969,Sheela,Varnham,svarnhamo4@constantcontact.com,Female,116.54.100.134
1970,Curtis,Pearde,cpeardeo5@hugedomains.com,Bigender,39.84.216.125
1971,Lucilia,Bloore,lblooreo6@addthis.com,Female,45.180.168.235
1972,Orion,Barrus,obarruso7@vimeo.com,Male,13.215.251.223
1973,Cornelia,Gerritzen,cgerritzeno8@foxnews.com,Female,32.82.30.59
1974,Julie,McGragh,jmcgragho9@wsj.com,Female,227.68.144.55
1975,Marlena,Pearton,mpeartonoa@redcross.org,Female,213.22.233.170
1976,Randy,Rispen,rrispenob@twitter.com,Agender,187.32.110.100
1977,Dennet,MacGilmartin,dmacgilmartinoc@skype.com,Male,50.221.251.175
1978,Addy,Malimoe,amalimoeod@twitter.com,Genderfluid,111.82.28.243
1979,Felicdad,Fourcade,ffourcadeoe@sbwire.com,Female,197.104.18.81
1980,Cody,Tredger,ctredgerof@hostgator.com,Male,112.159.82.250
1981,Gerri,Ansill,gansillog@nytimes.com,Female,205.194.38.254
1982,Earvin,Snewin,esnewinoh@senate.gov,Male,106.183.138.153
1983,Kingsly,Mort,kmortoi@photobucket.com,Male,40.129.56.240
1984,Oran,Hauxby,ohauxbyoj@ibm.com,Male,169.53.115.109
1985,Paulie,Gentery,pgenteryok@xrea.com,Male,98.60.247.85
1986,Daren,Renac,drenacol@yahoo.co.jp,Male,21.160.142.47
1987,Valle,Sives,vsivesom@sfgate.com,Male,168.190.200.52
1988,Rasla,Eblein,rebleinon@aboutads.info,Female,196.217.3.183
1989,Shayna,Center,scenteroo@cbc.ca,Female,239.58.109.245
1990,Branden,Forkan,bforkanop@huffingtonpost.com,Male,203.208.217.217
1991,Janet,Peddersen,jpeddersenoq@deliciousdays.com,Female,83.208.149.218
1992,Megen,Stendell,mstendellor@timesonline.co.uk,Female,104.4.195.105
1993,Sarette,Redparth,sredparthos@cocolog-nifty.com,Female,192.234.62.48
1994,Maribeth,Tewnion,mtewnionot@zdnet.com,Female,96.37.251.132
1995,Jewel,Guillou,jguillouou@squidoo.com,Female,212.206.149.221
1996,Aurea,Frawley,afrawleyov@scribd.com,Female,170.46.240.68
1997,Dallis,Overlow,doverlowow@moonfruit.com,Male,208.126.235.40
1998,Carney,Lipscombe,clipscombeox@nationalgeographic.com,Agender,85.44.182.216
1999,Kevon,Houltham,khoulthamoy@japanpost.jp,Non-binary,208.215.31.84
2000,Ferdinanda,Shrubb,fshrubboz@domainmarket.com,Female,63.110.164.240
2001,Gracie,Andriulis,gandriulisp0@si.edu,Female,66.156.181.66
2002,Lynnell,Duferie,lduferiep1@istockphoto.com,Female,217.176.210.62
2003,Briant,Blunkett,bblunkettp2@creativecommons.org,Genderfluid,216.255.221.239
2004,Chalmers,Jesty,cjestyp3@princeton.edu,Male,51.234.215.128
2005,Darnall,Kuban,dkubanp4@columbia.edu,Male,109.203.238.244
2006,Clemence,Dowty,cdowtyp5@wix.com,Female,246.141.125.10
2007,Page,Semonin,psemoninp6@sina.com.cn,Bigender,43.35.192.155
2008,Cheston,Ableson,cablesonp7@istockphoto.com,Male,203.147.73.78
2009,Cynthie,Garlette,cgarlettep8@scientificamerican.com,Female,238.41.177.189
2010,Dody,Dumberell,ddumberellp9@ning.com,Female,100.134.143.192
2011,Silva,Pietrowicz,spietrowiczpa@hostgator.com,Genderfluid,108.106.54.101
2012,Lonnie,Titta,ltittapb@typepad.com,Female,161.12.230.158
2013,Saidee,Eccles,secclespc@va.gov,Female,253.0.110.149
2014,Ilysa,McCook,imccookpd@sina.com.cn,Female,210.110.26.233
2015,Lalo,Yacobsohn,lyacobsohnpe@tiny.cc,Non-binary,7.193.55.186
2016,Freddy,Makinson,fmakinsonpf@de.vu,Male,252.184.250.175
2017,Pooh,Hurry,phurrypg@delicious.com,Female,177.120.98.62
2018,Delano,Chantler,dchantlerph@mashable.com,Male,68.70.120.168
2019,Willie,Wells,wwellspi@google.pl,Male,73.69.100.168
2020,Leshia,Fergie,lfergiepj@ow.ly,Female,15.66.96.249
2021,Cassondra,Iianon,ciianonpk@google.co.jp,Female,74.32.81.198
2022,Kissee,Broxton,kbroxtonpl@microsoft.com,Female,127.111.20.169
2023,Burtie,Lownie,blowniepm@newsvine.com,Male,57.246.206.22
2024,Xaviera,Klimontovich,xklimontovichpn@studiopress.com,Female,131.228.131.77
2025,Lay,Lount,llountpo@ihg.com,Male,9.206.138.31
2026,Roanna,Tremmel,rtremmelpp@networksolutions.com,Female,115.228.68.1
2027,Aurora,Hayesman,ahayesmanpq@privacy.gov.au,Female,25.178.248.113
2028,Vina,Corter,vcorterpr@cocolog-nifty.com,Genderfluid,128.122.90.205
2029,Berget,Karpol,bkarpolps@latimes.com,Genderfluid,144.26.230.172
2030,Brandy,Mollatt,bmollattpt@wix.com,Male,217.234.159.110
2031,Saraann,Jordeson,sjordesonpu@ucsd.edu,Female,145.103.55.97
2032,Starlene,Spaven,sspavenpv@feedburner.com,Female,231.137.177.217
2033,Tailor,Bordone,tbordonepw@ustream.tv,Male,84.127.154.215
2034,Garrik,Beesey,gbeeseypx@amazon.co.uk,Male,6.65.29.132
2035,Bettine,Poll,bpollpy@thetimes.co.uk,Female,126.159.112.233
2036,Jocko,Gianettini,jgianettinipz@accuweather.com,Male,230.45.90.200
2037,Robinette,Morch,rmorchq0@wordpress.org,Female,149.63.9.39
2038,Francoise,Freckleton,ffreckletonq1@homestead.com,Female,53.95.174.86
2039,Cicely,Tathacott,ctathacottq2@slideshare.net,Female,249.72.113.1
2040,Ronnica,Domleo,rdomleoq3@ehow.com,Female,249.219.173.43
2041,Luelle,Brockie,lbrockieq4@people.com.cn,Female,60.100.10.84
2042,Hildegaard,Dow,hdowq5@wp.com,Female,248.143.236.91
2043,Tiffanie,Guilloud,tguilloudq6@baidu.com,Female,49.175.192.4
2044,Kizzee,Folonin,kfoloninq7@npr.org,Female,205.85.48.248
2045,Moss,Howood,mhowoodq8@skyrock.com,Male,96.226.215.19
2046,Starla,Todari,stodariq9@i2i.jp,Female,189.237.137.233
2047,Ashlen,Buckley,abuckleyqa@blogs.com,Female,6.73.32.248
2048,Fleur,Rudkin,frudkinqb@tiny.cc,Female,139.197.70.226
2049,Mamie,Vevers,mveversqc@yahoo.com,Female,229.29.7.10
2050,Adiana,Cawthery,acawtheryqd@free.fr,Female,44.28.192.215
2051,Yanaton,Do Rosario,ydorosarioqe@patch.com,Male,134.116.12.253
2052,Siobhan,Blackater,sblackaterqf@cnn.com,Female,47.118.127.44
2053,Kelley,Reilly,kreillyqg@ebay.com,Male,227.100.208.150
2054,Levi,Evenden,levendenqh@redcross.org,Male,192.218.111.238
2055,Laurie,Scutts,lscuttsqi@parallels.com,Female,103.190.20.79
2056,Melisent,Metrick,mmetrickqj@google.co.uk,Female,110.167.57.186
2057,Windham,Hearnes,whearnesqk@about.com,Male,71.51.231.233
2058,Carr,Aspray,casprayql@facebook.com,Male,23.86.52.51
2059,Elise,Tatem,etatemqm@si.edu,Female,129.186.1.152
2060,Modesta,Robertson,mrobertsonqn@dailymail.co.uk,Female,4.212.41.236
2061,Claire,Ranby,cranbyqo@goodreads.com,Male,201.27.193.160
2062,Lynea,Rodd,lroddqp@yahoo.co.jp,Female,243.39.143.214
2063,Bev,Dael,bdaelqq@t-online.de,Female,169.68.225.37
2064,Colver,Donhardt,cdonhardtqr@hubpages.com,Male,13.144.197.220
2065,Marthena,Gipson,mgipsonqs@economist.com,Female,153.157.138.159
2066,Herrick,Collings,hcollingsqt@cisco.com,Male,206.83.124.152
2067,Ninnetta,Sparrowe,nsparrowequ@prnewswire.com,Female,19.80.213.29
2068,Sid,Smeeth,ssmeethqv@wikia.com,Male,6.240.190.219
2069,Marylou,Lightman,mlightmanqw@yellowpages.com,Polygender,127.21.187.187
2070,Andrei,Butteris,abutterisqx@howstuffworks.com,Female,22.25.73.197
2071,Orville,Grishunin,ogrishuninqy@netscape.com,Male,191.233.229.146
2072,Farlay,Petersen,fpetersenqz@fastcompany.com,Genderfluid,93.187.79.57
2073,Robbyn,Gettens,rgettensr0@elegantthemes.com,Female,194.254.207.49
2074,Nathan,Huton,nhutonr1@wiley.com,Male,178.41.194.192
2075,Chaunce,Bulloch,cbullochr2@histats.com,Male,216.211.136.122
2076,Cher,Roo,croor3@imageshack.us,Female,90.155.213.52
2077,Nolana,Bentsen,nbentsenr4@census.gov,Female,191.0.30.154
2078,Alexio,Gannan,agannanr5@nifty.com,Male,44.80.164.18
2079,Cointon,MacDearmid,cmacdearmidr6@hhs.gov,Male,175.167.175.161
2080,Sharlene,Grestie,sgrestier7@army.mil,Female,10.38.113.180
2081,Vaughn,Toope,vtooper8@blogger.com,Male,85.35.144.114
2082,Micaela,Jaskowicz,mjaskowiczr9@bing.com,Female,24.130.146.130
2083,Carine,Pehrsson,cpehrssonra@flickr.com,Female,250.104.125.237
2084,Darcy,Shernock,dshernockrb@ucsd.edu,Female,236.44.217.41
2085,Fayette,Smoth,fsmothrc@nymag.com,Genderfluid,162.138.124.250
2086,Valdemar,Orteu,vorteurd@businesswire.com,Male,39.116.48.67
2087,Ewell,Jandac,ejandacre@odnoklassniki.ru,Male,211.126.185.181
2088,Pacorro,Blackater,pblackaterrf@forbes.com,Male,53.121.57.34
2089,Rees,Arminger,rarmingerrg@delicious.com,Male,192.200.34.70
2090,Cleo,Mickleburgh,cmickleburghrh@apple.com,Female,142.158.217.222
2091,Connie,Filochov,cfilochovri@nationalgeographic.com,Male,216.154.180.111
2092,Hunt,Maggiori,hmaggiorirj@xing.com,Male,224.197.17.234
2093,Pavia,Florez,pflorezrk@answers.com,Female,30.123.106.235
2094,Auroora,Gimbart,agimbartrl@woothemes.com,Female,32.111.185.193
2095,Keen,Passmore,kpassmorerm@geocities.com,Bigender,236.49.102.5
2096,Romola,Widdop,rwiddoprn@ehow.com,Female,82.132.162.174
2097,Theo,Oakman,toakmanro@vkontakte.ru,Male,232.250.112.168
2098,Filberto,Mesias,fmesiasrp@sogou.com,Male,48.24.5.123
2099,Ellyn,Furlow,efurlowrq@freewebs.com,Female,157.185.171.161
2100,Basia,Harrow,bharrowrr@cnn.com,Genderfluid,134.105.103.155
