id,first_name,last_name,email,gender,ip_address
101,Melania,De Ortega,mdeortega0@amazon.de,Female,23.91.3.217
102,Tami,Pittock,tpittock1@instagram.com,Non-binary,81.34.95.239
103,Wendie,Trowl,wtrowl2@latimes.com,Female,40.86.235.28
104,Maurise,Cottu,mcottu3@icio.us,Male,24.26.172.114
105,Nial,Rude,nrude4@skype.com,Male,209.123.233.120
106,Terrie,Mayow,tmayow5@hao123.com,Female,222.196.88.116
107,Odey,Henrion,ohenrion6@slideshare.net,Male,235.133.51.151
108,Jeniece,Markwelley,jmarkwelley7@facebook.com,Non-binary,68.84.55.92
109,Wilhelmine,Klemz,wklemz8@instagram.com,Female,105.213.230.59
110,Louie,Cisco,lcisco9@furl.net,Male,96.206.104.33
111,Denyse,Dundendale,ddundendalea@washington.edu,Female,126.104.128.31
112,Kat,Watmore,kwatmoreb@cnet.com,Female,89.212.169.226
113,Vittorio,Weldon,vweldonc@youtube.com,Male,236.124.139.255
114,Stephine,Washbrook,swashbrookd@wordpress.com,Female,43.19.42.219
115,Matthiew,Creddon,mcreddone@rakuten.co.jp,Male,26.228.230.151
116,Amandie,Luker,alukerf@berkeley.edu,Female,178.57.149.170
117,Robb,Symmers,rsymmersg@miitbeian.gov.cn,Male,73.227.208.230
118,Chrissy,Gowry,cgowryh@clickbank.net,Female,246.223.241.216
119,Carmine,Palfery,cpalferyi@disqus.com,Female,199.210.148.238
120,Dav,Whitwood,dwhitwoodj@jimdo.com,Male,255.49.175.71
121,Stevena,Creavin,screavink@csmonitor.com,Female,96.138.38.109
122,Jodie,Collishaw,jcollishawl@bluehost.com,Male,67.145.131.220
123,Natka,Pinwill,npinwillm@usda.gov,Female,187.57.118.60
124,Katalin,Frays,kfraysn@ucoz.ru,Female,49.107.133.125
125,Rayner,Sparwell,rsparwello@usgs.gov,Male,40.224.227.119
126,Jada,Sansum,jsansump@1und1.de,Female,24.102.104.142
127,Hy,Dionisio,hdionisioq@ocn.ne.jp,Male,46.210.184.168
128,Anna-maria,Blaszkiewicz,ablaszkiewiczr@japanpost.jp,Female,108.94.54.192
129,Smitty,Baulk,sbaulks@marketwatch.com,Male,134.9.255.195
130,Micky,Heersma,mheersmat@storify.com,Male,147.82.23.18
131,Jacquelyn,Gillett,jgillettu@sciencedirect.com,Female,42.122.174.2
132,Harriette,Dunmuir,hdunmuirv@netscape.com,Female,47.89.177.156
133,Doy,Gapper,dgapperw@washingtonpost.com,Male,176.88.161.67
134,Lacee,Greeson,lgreesonx@umn.edu,Female,255.134.128.150
135,Happy,Carrabott,hcarrabotty@51.la,Female,235.231.179.183
136,Joe,Waycott,jwaycottz@flickr.com,Male,218.30.107.86
137,Cahra,Fisbey,cfisbey10@storify.com,Female,156.194.157.207
138,Marty,Shephard,mshephard11@seattletimes.com,Male,16.197.206.195
139,Sile,Levecque,slevecque12@ow.ly,Female,34.42.57.79
140,Ettie,Kinnoch,ekinnoch13@angelfire.com,Female,29.11.49.93
141,Nichole,Chaplain,nchaplain14@army.mil,Female,254.95.93.50
142,Hamlin,Kitley,hkitley15@irs.gov,Male,84.179.71.38
143,Claudie,Malinowski,cmalinowski16@webeden.co.uk,Female,16.106.56.60
144,Elfie,Treleaven,etreleaven17@reference.com,Female,38.178.173.113
145,Mavra,Bearne,mbearne18@unicef.org,Female,133.200.60.194
146,Bobina,Dilleway,bdilleway19@naver.com,Female,92.142.148.130
147,Deane,Dorton,ddorton1a@google.com.br,Female,186.72.62.252
148,Felicity,Vasilenko,fvasilenko1b@scribd.com,Female,201.154.87.187
149,Uriah,Kinny,ukinny1c@amazonaws.com,Male,61.197.66.89
150,Georgy,Gregine,ggregine1d@etsy.com,Male,197.237.125.203
151,Delmore,Lethem,dlethem1e@nih.gov,Male,13.27.120.23
152,Hube,Millis,hmillis1f@google.it,Male,254.67.197.44
153,Jervis,Collingdon,jcollingdon1g@feedburner.com,Male,160.199.80.218
154,Avram,McCreadie,amccreadie1h@harvard.edu,Male,118.110.56.93
155,Quintina,Leckey,qleckey1i@google.es,Female,245.63.130.184
156,Nicolle,Websdale,nwebsdale1j@va.gov,Female,234.159.21.199
157,Marten,Kemmish,mkemmish1k@msn.com,Male,104.196.46.205
158,Hortense,Pennicard,hpennicard1l@aboutads.info,Agender,79.171.50.57
159,Patrica,Grigoli,pgrigoli1m@samsung.com,Female,157.47.138.58
160,Dehlia,Pachta,dpachta1n@netvibes.com,Female,67.225.107.27
161,Benetta,Measham,bmeasham1o@issuu.com,Female,42.54.167.185
162,Abbey,Slott,aslott1p@furl.net,Male,47.4.56.197
163,Lucretia,Jouaneton,ljouaneton1q@berkeley.edu,Female,243.64.13.158
164,Westbrook,Heintz,wheintz1r@narod.ru,Polygender,194.113.78.18
165,Harwell,Stringfellow,hstringfellow1s@blog.com,Male,204.251.189.203
166,Adolpho,Moncaster,amoncaster1t@icq.com,Male,125.150.79.29
167,Mabel,Radmore,mradmore1u@paginegialle.it,Female,34.65.221.217
168,West,Thrasher,wthrasher1v@alibaba.com,Male,13.230.21.57
169,Natal,Chinnick,nchinnick1w@twitter.com,Male,77.73.8.159
170,Sharona,Van Bruggen,svanbruggen1x@about.com,Genderqueer,167.78.248.254
171,Friedrich,Duns,fduns1y@archive.org,Male,40.23.92.35
172,Francklin,Lattos,flattos1z@yahoo.com,Male,15.211.210.181
173,Lyndy,Vedeshkin,lvedeshkin20@angelfire.com,Female,182.105.165.1
174,Stacey,Banasiak,sbanasiak21@fema.gov,Female,146.186.79.87
175,Edie,Slayton,eslayton22@upenn.edu,Female,144.84.191.53
176,Irving,Steen,isteen23@google.com.hk,Male,4.71.0.243
177,Adolph,Hars,ahars24@admin.ch,Male,189.32.1.164
178,Dawna,Saxon,dsaxon25@youtube.com,Female,232.10.1.93
179,Lyn,Golds,lgolds26@php.net,Male,153.114.178.127
180,Farleigh,Stonestreet,fstonestreet27@discuz.net,Male,7.50.46.81
181,Gregg,Shadbolt,gshadbolt28@t-online.de,Male,208.200.199.0
182,Letta,Gavrielly,lgavrielly29@soup.io,Female,52.123.41.229
183,Devlen,Osbidston,dosbidston2a@jigsy.com,Male,130.112.161.33
184,Glori,Loble,globle2b@tinyurl.com,Female,75.185.187.14
185,Laure,Douch,ldouch2c@livejournal.com,Female,44.54.41.17
186,Zarla,Halson,zhalson2d@slashdot.org,Polygender,149.104.174.8
187,Garrot,Grimstead,ggrimstead2e@twitter.com,Male,227.96.11.227
188,Wilow,Skerme,wskerme2f@pagesperso-orange.fr,Non-binary,55.92.237.213
189,Ash,Bewfield,abewfield2g@amazon.co.jp,Male,6.246.168.97
190,Oberon,Dykins,odykins2h@statcounter.com,Male,84.89.83.60
191,Wright,Philip,wphilip2i@rediff.com,Male,62.73.13.46
192,Anica,Gilardoni,agilardoni2j@google.co.jp,Female,175.139.68.180
193,Alanson,Hugues,ahugues2k@ebay.com,Male,88.190.191.70
194,Eugenius,Sherwyn,esherwyn2l@wired.com,Male,133.133.210.191
195,Kory,Boss,kboss2m@360.cn,Male,120.165.174.207
196,Sibyl,Shackleton,sshackleton2n@seesaa.net,Non-binary,106.129.101.11
197,Mindy,Wrey,mwrey2o@istockphoto.com,Polygender,22.196.133.198
198,Pren,Matthews,pmatthews2p@mail.ru,Male,57.51.68.63
199,Taryn,Landor,tlandor2q@bravesites.com,Female,20.213.155.228
200,Zelda,Kavanagh,zkavanagh2r@abc.net.au,Female,73.235.180.230
201,Anatole,Dougher,adougher2s@mlb.com,Male,109.224.117.148
202,Tonya,Castelot,tcastelot2t@techcrunch.com,Female,39.188.208.207
203,Elmo,Moffet,emoffet2u@ifeng.com,Male,85.224.151.11
204,Caryl,Andriessen,candriessen2v@java.com,Male,45.201.99.47
205,Annecorinne,Branchflower,abranchflower2w@timesonline.co.uk,Female,98.189.236.240
206,Leeanne,Endean,lendean2x@hao123.com,Female,32.37.112.255
207,Any,McGaugey,amcgaugey2y@wix.com,Male,118.134.249.17
208,Ranee,Medforth,rmedforth2z@webeden.co.uk,Female,71.251.209.199
209,Nico,McQuilliam,nmcquilliam30@ameblo.jp,Male,65.222.86.223
210,Hilliard,Chapple,hchapple31@salon.com,Male,165.189.254.220
211,Kevyn,Seeviour,kseeviour32@yolasite.com,Female,37.8.125.68
212,Zorana,Zorzenoni,zzorzenoni33@wikimedia.org,Female,135.234.56.48
213,Elayne,Grimmer,egrimmer34@biglobe.ne.jp,Female,231.165.118.220
214,Cully,Iacovozzo,ciacovozzo35@ucsd.edu,Male,171.15.242.173
215,Lawry,Bronot,lbronot36@kickstarter.com,Male,123.231.146.240
216,Christa,Heers,cheers37@disqus.com,Female,81.178.169.27
217,Raoul,Meriel,rmeriel38@mlb.com,Male,18.6.148.71
218,Avril,Girault,agirault39@ucoz.ru,Female,60.236.218.163
219,Dewitt,Spacie,dspacie3a@altervista.org,Male,155.137.201.209
220,Mendy,Joutapavicius,mjoutapavicius3b@aboutads.info,Male,157.102.136.178
221,Hollis,Chaffe,hchaffe3c@photobucket.com,Male,201.223.138.105
222,Brittaney,Kitchingman,bkitchingman3d@blinklist.com,Female,218.232.7.245
223,Caryl,Trueman,ctrueman3e@deliciousdays.com,Female,245.154.130.4
224,Luz,Powland,lpowland3f@moonfruit.com,Female,45.228.133.144
225,Lissie,Fessler,lfessler3g@google.ca,Female,134.180.84.31
226,Thedric,McCanny,tmccanny3h@salon.com,Male,253.7.182.101
227,Alfie,Otteridge,aotteridge3i@mozilla.org,Male,28.11.200.214
228,Erwin,Gorsse,egorsse3j@mysql.com,Male,18.139.211.226
229,Cami,Bunney,cbunney3k@examiner.com,Female,70.146.87.164
230,Angelico,Ulster,aulster3l@epa.gov,Male,59.156.195.67
231,Tierney,Crannis,tcrannis3m@1und1.de,Female,38.105.178.156
232,Faydra,Martinet,fmartinet3n@hostgator.com,Female,60.103.36.240
233,Pascal,MacMenemy,pmacmenemy3o@fc2.com,Male,229.236.57.203
234,Alleyn,Truin,atruin3p@tinyurl.com,Agender,218.103.72.51
235,Efrem,Sebley,esebley3q@jiathis.com,Genderqueer,133.101.172.209
236,Cesare,Tume,ctume3r@census.gov,Genderqueer,146.154.113.129
237,Kylie,Ivons,kivons3s@boston.com,Genderfluid,51.119.237.122
238,Ilka,Marushak,imarushak3t@hostgator.com,Polygender,187.219.0.148
239,Paolina,Keelan,pkeelan3u@nhs.uk,Female,56.215.89.168
240,Bowie,Hullah,bhullah3v@histats.com,Male,68.240.197.25
241,Kelly,Guppy,kguppy3w@vinaora.com,Female,120.157.69.183
242,Denise,Cahalan,dcahalan3x@wunderground.com,Female,144.67.72.84
243,Dorotea,Gumme,dgumme3y@vk.com,Polygender,208.142.105.144
244,Griz,Janman,gjanman3z@npr.org,Male,203.39.206.245
245,Bridgette,Vauls,bvauls40@seesaa.net,Female,29.211.47.131
246,Margaux,Stolte,mstolte41@blogtalkradio.com,Female,198.131.151.207
247,Jesse,Emtage,jemtage42@cnn.com,Male,166.176.56.154
248,Viviana,Dennick,vdennick43@google.com.br,Female,68.19.126.239
249,Lauralee,Kernocke,lkernocke44@meetup.com,Female,134.37.56.51
250,Vivien,Reedy,vreedy45@sbwire.com,Female,140.13.255.216
251,Ezekiel,O' Kelleher,eokelleher46@wix.com,Male,251.253.18.174
252,Anne,Lacey,alacey47@google.de,Female,74.157.209.67
253,Brock,Yewdell,byewdell48@spiegel.de,Male,168.167.221.187
254,Nikolia,Ormes,normes49@bbb.org,Non-binary,220.5.23.145
255,Debee,Milley,dmilley4a@purevolume.com,Female,158.19.111.23
256,Jeff,Corden,jcorden4b@youku.com,Male,223.184.151.104
257,Rubin,Dwelling,rdwelling4c@technorati.com,Polygender,207.248.123.247
258,Jae,Marty,jmarty4d@mtv.com,Male,201.119.65.124
259,Genevieve,Adnam,gadnam4e@house.gov,Female,170.129.246.181
260,Wash,Kemston,wkemston4f@homestead.com,Male,195.42.80.128
261,Reamonn,Durrett,rdurrett4g@dell.com,Male,72.152.105.5
262,Sandor,Ivankin,sivankin4h@newyorker.com,Male,65.14.243.52
263,Austin,Growcock,agrowcock4i@seesaa.net,Polygender,184.101.124.232
264,Henri,Du Hamel,hduhamel4j@yandex.ru,Male,199.68.253.40
265,Biddy,Snoddy,bsnoddy4k@netvibes.com,Female,50.204.177.224
266,Rawley,Cowdray,rcowdray4l@timesonline.co.uk,Male,189.8.185.168
267,Annaliese,Issacov,aissacov4m@goo.gl,Polygender,181.229.231.183
268,Caron,Broose,cbroose4n@xinhuanet.com,Female,41.242.140.222
269,Zane,Tumulty,ztumulty4o@yandex.ru,Agender,3.33.86.42
270,Hunter,Blaxall,hblaxall4p@ft.com,Male,127.9.11.204
271,Lillian,McRavey,lmcravey4q@psu.edu,Female,241.181.233.239
272,Carola,Pulley,cpulley4r@friendfeed.com,Polygender,6.248.230.226
273,Talia,Tranmer,ttranmer4s@ask.com,Female,55.133.190.83
274,Vivyanne,Abrahamovitz,vabrahamovitz4t@homestead.com,Female,6.13.88.116
275,Bert,Vose,bvose4u@acquirethisname.com,Male,28.77.47.166
276,Sephira,O' Meara,someara4v@drupal.org,Female,173.149.7.136
277,Marinna,de'-Ancy Willis,mdeancywillis4w@artisteer.com,Female,165.201.212.31
278,Haroun,Dowling,hdowling4x@dell.com,Male,91.162.197.143
279,Peter,Arpino,parpino4y@earthlink.net,Male,192.183.128.163
280,Aldis,Sisselot,asisselot4z@blogger.com,Male,85.75.182.5
281,Jackson,Escala,jescala50@google.com,Male,203.248.121.58
282,Benedikta,Colum,bcolum51@cnbc.com,Female,107.160.7.155
283,Hayes,Darkott,hdarkott52@nasa.gov,Male,5.207.0.175
284,Bearnard,Darch,bdarch53@mozilla.com,Male,123.54.225.68
285,Theodora,Hodjetts,thodjetts54@wordpress.org,Female,22.187.186.113
286,Reinaldos,Muckersie,rmuckersie55@gmpg.org,Male,40.56.19.189
287,Fredek,Monger,fmonger56@wsj.com,Male,55.140.100.13
288,Netta,Cotterill,ncotterill57@ftc.gov,Female,105.25.119.170
289,Marcille,Virgin,mvirgin58@hc360.com,Female,43.63.227.119
290,Billye,Geffen,bgeffen59@ovh.net,Female,153.227.20.241
291,Theodoric,Giabuzzi,tgiabuzzi5a@e-recht24.de,Male,173.126.119.175
292,Harvey,Jeandel,hjeandel5b@state.tx.us,Male,135.39.5.70
293,Flori,Milella,fmilella5c@w3.org,Female,198.62.232.200
294,Wilma,Blakeston,wblakeston5d@merriam-webster.com,Female,75.138.142.80
295,Didi,Coulthard,dcoulthard5e@rakuten.co.jp,Female,194.20.230.204
296,Clim,Moogan,cmoogan5f@wordpress.com,Male,22.175.2.231
297,Cosetta,Nutbeem,cnutbeem5g@upenn.edu,Female,230.13.235.111
298,Guntar,Newing,gnewing5h@yolasite.com,Bigender,39.215.138.41
299,Sibylle,Quarton,squarton5i@jugem.jp,Female,47.188.3.246
300,Jere,Ferronet,jferronet5j@walmart.com,Female,168.129.48.48
301,Beth,Wildman,bwildman5k@ovh.net,Bigender,17.159.184.15
302,Jase,Wolfinger,jwolfinger5l@exblog.jp,Male,109.176.184.241
303,Abagael,Rosenthal,arosenthal5m@cmu.edu,Female,100.19.178.246
304,Baxie,Degg,bdegg5n@shop-pro.jp,Male,220.15.97.138
305,Dniren,Lowdham,dlowdham5o@techcrunch.com,Female,101.55.88.72
306,Elias,Boome,eboome5p@marriott.com,Male,249.217.0.100
307,Pammie,Winterscale,pwinterscale5q@eepurl.com,Female,86.251.229.77
308,Laurie,Belloch,lbelloch5r@wikimedia.org,Male,159.91.102.23
309,Neysa,Terbrug,nterbrug5s@yelp.com,Female,175.159.42.231
310,Norbie,Turfus,nturfus5t@mayoclinic.com,Male,224.72.21.164
311,Dallas,Parken,dparken5u@patch.com,Male,44.99.166.234
312,Rickey,Bulch,rbulch5v@statcounter.com,Male,171.122.62.65
313,Curt,Oleszcuk,coleszcuk5w@bbc.co.uk,Male,131.179.253.232
314,Forester,Worton,fworton5x@goo.ne.jp,Male,15.109.205.103
315,Pansy,Edwinson,pedwinson5y@paginegialle.it,Female,174.215.27.38
316,Janine,Moff,jmoff5z@globo.com,Female,221.218.157.50
317,Jasen,Valintine,jvalintine60@yale.edu,Male,66.63.87.204
318,Berni,Seide,bseide61@csmonitor.com,Female,226.213.188.46
319,Anne-corinne,Hollindale,ahollindale62@pbs.org,Female,148.202.74.202
320,Stormi,Fairbrother,sfairbrother63@epa.gov,Female,48.185.207.233
321,Leda,Legate,llegate64@deviantart.com,Female,14.13.254.212
322,Susann,Parmenter,sparmenter65@cloudflare.com,Female,183.161.55.211
323,Alexis,O'Dooghaine,aodooghaine66@baidu.com,Male,242.68.8.232
324,Barrett,Fishleigh,bfishleigh67@creativecommons.org,Male,168.55.191.220
325,Kendra,Badcock,kbadcock68@macromedia.com,Female,174.188.162.138
326,Dur,Lenaghen,dlenaghen69@addtoany.com,Male,15.220.144.242
327,Charin,Morrilly,cmorrilly6a@e-recht24.de,Female,181.3.46.8
328,Alfonso,Jockle,ajockle6b@indiegogo.com,Genderqueer,63.134.93.224
329,Claiborn,Gallahue,cgallahue6c@admin.ch,Male,119.188.199.113
330,Sheelagh,Peizer,speizer6d@hp.com,Female,249.16.17.245
331,Suki,Bosch,sbosch6e@mapy.cz,Female,40.49.251.71
332,Sadella,de Werk,sdewerk6f@google.com.br,Female,59.146.104.186
333,Tabina,Schonfelder,tschonfelder6g@chicagotribune.com,Female,163.217.253.213
334,Danny,McCulley,dmcculley6h@jugem.jp,Male,186.11.113.247
335,Chaunce,Clohisey,cclohisey6i@apple.com,Male,14.7.230.241
336,Manny,Yarrow,myarrow6j@google.co.jp,Male,86.141.151.8
337,Hildegarde,Roath,hroath6k@angelfire.com,Female,54.174.10.71
338,Rosa,MacNeil,rmacneil6l@statcounter.com,Female,185.191.96.62
339,Fleming,Peaurt,fpeaurt6m@go.com,Male,63.87.36.160
340,Marti,Tewkesbury.,mtewkesbury6n@hostgator.com,Bigender,238.36.36.15
341,Zarla,Shireff,zshireff6o@xinhuanet.com,Female,238.116.181.205
342,Nial,Milne,nmilne6p@imageshack.us,Male,44.141.164.228
343,Hedy,Rummin,hrummin6q@soundcloud.com,Female,88.116.220.154
344,Lynnell,Stare,lstare6r@google.com.hk,Agender,53.236.55.9
345,Jeddy,Thunnercliffe,jthunnercliffe6s@w3.org,Male,112.8.126.70
346,Glynn,Duffer,gduffer6t@storify.com,Male,12.149.90.242
347,Berke,Frain,bfrain6u@nydailynews.com,Male,84.157.108.62
348,Kristian,Tyrwhitt,ktyrwhitt6v@wufoo.com,Male,219.201.101.79
349,Henka,Glasspool,hglasspool6w@multiply.com,Female,89.27.146.26
350,Brenna,Whale,bwhale6x@latimes.com,Female,236.157.205.199
351,Allison,Glasgow,aglasgow6y@wiley.com,Female,55.83.9.252
352,Jenna,Compford,jcompford6z@microsoft.com,Female,236.146.160.75
353,Gavra,Ganing,gganing70@marriott.com,Non-binary,92.105.187.150
354,Candy,Mosedill,cmosedill71@chronoengine.com,Female,131.252.213.45
355,Melonie,Heinecke,mheinecke72@nbcnews.com,Genderqueer,16.29.49.2
356,Alethea,Arrell,aarrell73@ebay.co.uk,Female,39.196.38.212
357,Reyna,Pudan,rpudan74@arstechnica.com,Female,98.41.36.227
358,Irene,Ewert,iewert75@guardian.co.uk,Female,167.225.244.157
359,Dael,Cofax,dcofax76@unesco.org,Non-binary,126.103.199.96
360,Ninette,Sedcole,nsedcole77@issuu.com,Female,95.248.38.76
361,Lonnie,Talboy,ltalboy78@vkontakte.ru,Female,240.177.27.164
362,Costanza,Ahrendsen,cahrendsen79@cbsnews.com,Female,137.165.232.11
363,Langsdon,Penswick,lpenswick7a@uol.com.br,Agender,113.80.33.40
364,Ulric,Meier,umeier7b@bloglines.com,Male,6.234.163.222
365,Regen,Mohan,rmohan7c@slate.com,Male,236.21.32.134
366,Howie,Abrahamoff,habrahamoff7d@cam.ac.uk,Male,253.54.84.55
367,Norma,Gillmore,ngillmore7e@dagondesign.com,Female,122.15.185.37
368,Billye,Kreutzer,bkreutzer7f@bloglovin.com,Female,117.222.15.215
369,Christie,Brewett,cbrewett7g@trellian.com,Male,14.55.48.223
370,Roarke,Clinkard,rclinkard7h@slashdot.org,Male,45.79.252.154
371,Nester,Stirtle,nstirtle7i@livejournal.com,Male,39.0.192.77
372,Cullin,Elward,celward7j@nature.com,Male,55.204.183.107
373,Keene,Murch,kmurch7k@pcworld.com,Male,97.229.248.254
374,Sancho,Scolli,sscolli7l@washingtonpost.com,Male,148.253.244.177
375,Ronica,Gingold,rgingold7m@sbwire.com,Female,129.66.178.111
376,Codi,Garforth,cgarforth7n@youtube.com,Female,88.230.18.25
377,Renard,Skillman,rskillman7o@hugedomains.com,Male,22.31.18.124
378,Kissie,Tackes,ktackes7p@g.co,Female,241.183.16.116
379,Anselm,Aird,aaird7q@archive.org,Male,162.189.212.201
380,Nevins,Camplen,ncamplen7r@mapquest.com,Male,50.44.8.136
381,Levey,Wharmby,lwharmby7s@printfriendly.com,Male,83.168.31.71
382,Axel,Flude,aflude7t@gravatar.com,Male,220.94.135.35
383,Halsy,Wingate,hwingate7u@stumbleupon.com,Male,182.127.161.5
384,Robby,Finnes,rfinnes7v@blogs.com,Male,9.126.126.235
385,Clay,Colenutt,ccolenutt7w@netlog.com,Non-binary,95.85.52.23
386,Ardenia,Seman,aseman7x@mediafire.com,Genderfluid,250.76.225.220
387,Ralph,Becerro,rbecerro7y@vinaora.com,Male,253.16.254.194
388,Dal,Caudell,dcaudell7z@businesswire.com,Male,180.132.83.182
389,Birgitta,Caldero,bcaldero80@reuters.com,Female,181.223.58.185
390,Quincy,Tyght,qtyght81@arstechnica.com,Male,111.251.229.136
391,Brice,Waine,bwaine82@is.gd,Male,82.72.188.36
392,Felisha,Kenforth,fkenforth83@studiopress.com,Female,163.230.48.146
393,Valle,Sickert,vsickert84@bing.com,Non-binary,72.197.141.111
394,Kathleen,McLarens,kmclarens85@netscape.com,Female,173.141.238.26
395,Katrina,Gruczka,kgruczka86@theguardian.com,Female,68.64.16.57
396,Faydra,Bilfoot,fbilfoot87@w3.org,Female,141.164.132.227
397,Holden,Shorter,hshorter88@businessweek.com,Male,126.181.221.220
398,Laurens,Plewright,lplewright89@google.pl,Agender,56.138.146.31
399,Leigh,Edes,ledes8a@upenn.edu,Female,172.158.3.42
400,Lynnett,Daulby,ldaulby8b@naver.com,Polygender,211.136.38.202
401,Keelia,D'Adamo,kdadamo8c@google.it,Female,55.212.120.15
402,Melantha,Duffil,mduffil8d@si.edu,Female,185.55.25.31
403,Corry,Gallegos,cgallegos8e@rediff.com,Female,40.102.145.142
404,Belita,Dendon,bdendon8f@globo.com,Female,132.179.160.89
405,Diana,Brazear,dbrazear8g@prlog.org,Female,236.178.110.94
406,Kristos,Linfitt,klinfitt8h@hc360.com,Male,99.61.228.201
407,Claudina,Starsmeare,cstarsmeare8i@fda.gov,Female,60.41.152.253
408,Phip,Spykings,pspykings8j@shareasale.com,Male,243.24.87.249
409,Lynnelle,Kimmitt,lkimmitt8k@ask.com,Female,41.144.243.18
410,Cristy,Duffin,cduffin8l@webs.com,Female,255.145.11.30
411,Tully,Welsby,twelsby8m@goo.ne.jp,Male,174.25.67.210
412,Darcy,Stoakley,dstoakley8n@jalbum.net,Male,185.86.8.153
413,Desmond,Videneev,dvideneev8o@go.com,Male,91.10.238.241
414,Pauly,Coltherd,pcoltherd8p@home.pl,Male,125.187.113.142
415,Jard,Tolotti,jtolotti8q@smugmug.com,Male,202.41.84.120
416,Benedick,Amoss,bamoss8r@parallels.com,Male,29.19.146.197
417,Kelby,Fantini,kfantini8s@wikispaces.com,Male,20.247.122.207
418,Shaylah,Juschka,sjuschka8t@howstuffworks.com,Female,156.118.218.86
419,Marcelle,Orrett,morrett8u@tiny.cc,Female,153.136.6.1
420,Pammie,Elphinstone,pelphinstone8v@facebook.com,Female,181.130.142.234
421,Calla,Divina,cdivina8w@edublogs.org,Female,135.44.25.20
422,Hazel,Rudall,hrudall8x@livejournal.com,Male,61.60.49.41
423,Chancey,Cowgill,ccowgill8y@ycombinator.com,Male,10.199.154.120
424,Sybilla,Graddell,sgraddell8z@cyberchimps.com,Female,253.200.15.90
425,Gusty,Hacon,ghacon90@topsy.com,Female,88.208.51.34
426,Linoel,Van Arsdale,lvanarsdale91@a8.net,Male,75.156.3.58
427,Rhianna,Josephs,rjosephs92@hubpages.com,Female,71.251.23.42
428,Delores,Bullon,dbullon93@marketwatch.com,Agender,160.184.220.140
429,Birk,Fendt,bfendt94@pen.io,Non-binary,214.54.255.28
430,Danette,Boyen,dboyen95@deliciousdays.com,Female,192.235.200.132
431,Niven,Ager,nager96@google.ru,Male,124.78.170.99
432,Towney,Sey,tsey97@latimes.com,Male,124.149.172.241
433,Albert,Pancast,apancast98@usda.gov,Male,140.125.159.163
434,Orel,Edeson,oedeson99@mapy.cz,Female,114.40.6.130
435,Elvera,Eunson,eeunson9a@hostgator.com,Female,37.147.95.63
436,Alyosha,Cicerone,acicerone9b@state.tx.us,Male,14.139.140.109
437,Dorine,Wolfinger,dwolfinger9c@cnbc.com,Female,145.25.56.118
438,Pincas,Dechelle,pdechelle9d@usda.gov,Male,63.207.166.59
439,Ross,Worpole,rworpole9e@tamu.edu,Male,119.53.169.98
440,Ninette,Diboll,ndiboll9f@nymag.com,Female,157.229.234.13
441,Leigha,Avrahamy,lavrahamy9g@unesco.org,Female,71.79.32.101
442,Vlad,Gislebert,vgislebert9h@woothemes.com,Male,80.204.11.215
443,Ashia,Stienham,astienham9i@telegraph.co.uk,Female,153.171.29.196
444,Eric,Munnion,emunnion9j@amazon.de,Male,28.141.176.39
445,Stillman,Desforges,sdesforges9k@theguardian.com,Male,219.189.105.4
446,Shelagh,Lovemore,slovemore9l@google.de,Female,185.51.154.226
447,Aleda,Marusic,amarusic9m@amazon.com,Female,136.3.127.133
448,Patrick,Roach,proach9n@unesco.org,Male,120.164.171.121
449,Katerina,Davison,kdavison9o@msu.edu,Female,52.154.253.92
450,Flint,Cicccitti,fcicccitti9p@odnoklassniki.ru,Male,78.100.189.132
451,Vergil,Sarjant,vsarjant9q@ezinearticles.com,Male,58.78.129.210
452,Leanor,Late,llate9r@constantcontact.com,Female,241.104.37.51
453,Faythe,Arboine,farboine9s@storify.com,Female,74.14.152.218
454,Ayn,Jellis,ajellis9t@flavors.me,Female,34.57.26.226
455,Sterne,Smoote,ssmoote9u@amazon.co.jp,Male,141.217.65.28
456,Jedd,Vallintine,jvallintine9v@twitter.com,Male,193.76.203.220
457,Pauly,Oven,poven9w@slideshare.net,Male,85.167.52.142
458,Rafferty,Scopes,rscopes9x@kickstarter.com,Polygender,60.73.81.52
459,Hillary,Sawyers,hsawyers9y@google.com.hk,Genderqueer,92.79.227.84
460,Ardelia,Aikman,aaikman9z@spiegel.de,Female,227.63.37.247
461,Ettie,Kohrsen,ekohrsena0@salon.com,Bigender,84.3.125.219
462,Andria,Kelshaw,akelshawa1@sakura.ne.jp,Female,6.147.189.200
463,Tybi,Willetts,twillettsa2@nytimes.com,Female,195.68.225.85
464,Kynthia,Bewshire,kbewshirea3@ox.ac.uk,Female,76.163.29.164
465,Elana,Borrows,eborrowsa4@blogspot.com,Female,17.119.173.167
466,Ardelle,Goomes,agoomesa5@dyndns.org,Female,79.225.50.179
467,Jesse,Pepys,jpepysa6@shop-pro.jp,Genderfluid,66.218.148.4
468,Gillian,Bauduin,gbauduina7@dot.gov,Female,146.242.0.132
469,Hadleigh,Barlee,hbarleea8@dailymotion.com,Male,170.11.33.172
470,Bev,Hogsden,bhogsdena9@geocities.com,Female,16.22.79.179
471,Averil,Waldocke,awaldockeaa@wikispaces.com,Male,23.247.24.240
472,Tarrance,Love,tloveab@e-recht24.de,Male,108.230.211.28
473,Willem,Maplestone,wmaplestoneac@privacy.gov.au,Male,238.38.133.90
474,Cull,Tichner,ctichnerad@weebly.com,Male,154.236.238.247
475,Kimbra,Goodwins,kgoodwinsae@yellowbook.com,Female,43.111.219.88
476,Ric,Maris,rmarisaf@altervista.org,Agender,142.102.140.29
477,Celestine,Whacket,cwhacketag@ameblo.jp,Female,73.28.158.109
478,Chan,Greasley,cgreasleyah@cocolog-nifty.com,Male,57.118.175.112
479,Elijah,Bergeau,ebergeauai@fotki.com,Male,183.173.215.189
480,Viki,Prester,vpresteraj@telegraph.co.uk,Female,232.134.29.163
481,Carly,Slixby,cslixbyak@adobe.com,Male,56.66.22.22
482,Alleen,Alastair,aalastairal@macromedia.com,Genderqueer,199.130.13.211
483,Addy,Weathers,aweathersam@freewebs.com,Male,41.132.129.242
484,Orrin,Sausman,osausmanan@amazonaws.com,Male,60.253.207.32
485,Nev,Harley,nharleyao@mlb.com,Male,113.19.186.149
486,Aloisia,Kinsett,akinsettap@state.gov,Female,59.229.41.211
487,Blondy,Thurling,bthurlingaq@cdc.gov,Bigender,39.21.106.187
488,Blayne,Coomber,bcoomberar@gov.uk,Male,128.137.193.29
489,Burgess,Klouz,bklouzas@ycombinator.com,Male,178.22.193.224
490,Durant,Dulling,ddullingat@bloglines.com,Male,142.32.231.250
491,Keary,Jonathon,kjonathonau@jiathis.com,Male,34.53.215.221
492,Katina,McAreavey,kmcareaveyav@telegraph.co.uk,Female,194.93.169.202
493,Lucius,Damper,ldamperaw@java.com,Male,171.208.154.3
494,Johnny,Dach,jdachax@jimdo.com,Genderqueer,39.6.222.207
495,Carly,Leas,cleasay@cisco.com,Agender,222.163.9.55
496,Flossy,Abrahmovici,fabrahmoviciaz@theglobeandmail.com,Female,36.30.85.31
497,Em,Clibbery,eclibberyb0@vistaprint.com,Male,67.138.82.148
498,Idelle,Hassen,ihassenb1@sogou.com,Female,147.243.39.209
499,Eldon,O'Sesnane,eosesnaneb2@cbsnews.com,Male,93.152.178.123
500,Jodie,Elders,jeldersb3@last.fm,Female,68.2.155.97
501,Athena,McGrorty,amcgrortyb4@hp.com,Female,47.104.152.64
502,Malinda,Currier,mcurrierb5@slideshare.net,Female,243.53.52.29
503,Jedidiah,Salsbury,jsalsburyb6@digg.com,Male,235.153.73.156
504,Neddie,Stokey,nstokeyb7@eventbrite.com,Male,77.132.252.51
505,Tracee,Polino,tpolinob8@princeton.edu,Female,37.99.64.95
506,Malory,Dillingham,mdillinghamb9@blogspot.com,Non-binary,52.194.136.162
507,Ruddie,Stallion,rstallionba@flavors.me,Genderqueer,252.210.74.192
508,Olivero,Laverack,olaverackbb@youku.com,Male,177.21.170.50
509,Clair,Eggleston,cegglestonbc@techcrunch.com,Male,113.130.5.157
510,Lusa,Strotton,lstrottonbd@opera.com,Female,94.128.239.18
511,Keefe,Lowth,klowthbe@sun.com,Male,157.110.78.12
512,Karlotta,Outhwaite,kouthwaitebf@army.mil,Female,171.9.49.45
513,Kris,Townshend,ktownshendbg@tinyurl.com,Male,216.69.170.102
514,Duncan,Radloff,dradloffbh@vinaora.com,Male,205.44.195.66
515,Anjela,Thumnel,athumnelbi@issuu.com,Female,169.245.227.147
516,Emma,Hamnett,ehamnettbj@fastcompany.com,Female,48.137.120.236
517,Sonnie,McHardy,smchardybk@nydailynews.com,Male,134.191.6.203
518,Guinevere,Mennear,gmennearbl@elegantthemes.com,Female,219.119.71.111
519,Zsazsa,Lassetter,zlassetterbm@ocn.ne.jp,Female,109.76.10.150
520,Blondell,Fields,bfieldsbn@dagondesign.com,Female,95.106.204.142
521,Claribel,Laingmaid,claingmaidbo@flavors.me,Female,205.169.47.85
522,Fitzgerald,Meneo,fmeneobp@bloglines.com,Male,150.189.47.99
523,Harper,Champneys,hchampneysbq@earthlink.net,Male,98.252.21.144
524,Ephrayim,Dunstan,edunstanbr@lycos.com,Male,175.252.169.142
525,Wallie,Vanyakin,wvanyakinbs@booking.com,Male,179.230.255.72
526,Paton,Kleinstern,pkleinsternbt@state.tx.us,Male,243.157.179.217
527,Romeo,Gartenfeld,rgartenfeldbu@xrea.com,Male,178.30.42.80
528,Grange,Benza,gbenzabv@networksolutions.com,Male,77.201.115.109
529,Dominica,Moulding,dmouldingbw@cocolog-nifty.com,Female,109.161.45.200
530,Allys,Layland,alaylandbx@ucla.edu,Female,146.105.215.253
531,Bee,Nijssen,bnijssenby@cafepress.com,Female,154.186.86.128
532,Brad,Herche,bherchebz@goo.ne.jp,Polygender,27.252.64.54
533,Rad,Witsey,rwitseyc0@dagondesign.com,Male,62.42.231.164
534,Rosana,Robbs,rrobbsc1@example.com,Female,18.137.63.155
535,Tilda,Skilton,tskiltonc2@comsenz.com,Agender,21.123.177.3
536,Marianne,Corry,mcorryc3@t.co,Female,173.30.112.169
537,Marquita,Benardet,mbenardetc4@surveymonkey.com,Genderfluid,35.83.253.215
538,Robb,Symondson,rsymondsonc5@newsvine.com,Male,248.88.189.158
539,Corbet,Ivetts,civettsc6@thetimes.co.uk,Male,57.196.24.233
540,Heidie,Tissier,htissierc7@sciencedirect.com,Female,81.221.105.116
541,Mareah,Robiot,mrobiotc8@cdbaby.com,Female,92.215.79.161
542,Murvyn,Boatright,mboatrightc9@state.tx.us,Male,0.216.14.174
543,Bord,Bowling,bbowlingca@upenn.edu,Male,139.214.51.243
544,Ardeen,Climance,aclimancecb@rambler.ru,Female,59.203.49.248
545,Klarika,Adkins,kadkinscc@printfriendly.com,Female,146.51.54.233
546,Lolita,Colbeck,lcolbeckcd@gmpg.org,Female,171.163.89.148
547,Tally,Benneton,tbennetonce@sphinn.com,Male,37.212.229.187
548,Breanne,Ruske,bruskecf@sciencedaily.com,Bigender,7.198.214.25
549,Barty,Mateo,bmateocg@163.com,Male,228.225.76.4
550,Edward,Oluwatoyin,eoluwatoyinch@alibaba.com,Male,129.19.36.49
551,Ruddie,Pooley,rpooleyci@feedburner.com,Male,167.253.71.156
552,Perry,Brannan,pbrannancj@china.com.cn,Female,10.254.2.202
553,Nehemiah,O'Noulane,nonoulaneck@mail.ru,Male,217.35.90.62
554,Nicholle,Braizier,nbraiziercl@tinyurl.com,Female,91.144.118.198
555,Vita,Odgaard,vodgaardcm@trellian.com,Female,38.159.169.131
556,Carolee,Guiver,cguivercn@netvibes.com,Female,0.120.104.117
557,Corbett,Lee,cleeco@histats.com,Male,187.229.205.50
558,Mariele,Mercy,mmercycp@a8.net,Female,52.96.82.156
559,Martina,Greggersen,mgreggersencq@marriott.com,Polygender,71.69.95.128
560,Jorgan,Swadlinge,jswadlingecr@artisteer.com,Male,143.216.128.206
561,Hubey,Lancett,hlancettcs@sphinn.com,Male,34.221.44.61
562,Grantham,Cosbey,gcosbeyct@ox.ac.uk,Male,131.220.35.252
563,Rollo,Flowerden,rflowerdencu@who.int,Male,235.151.185.98
564,Markos,Karle,mkarlecv@toplist.cz,Male,91.110.101.112
565,Dietrich,Garling,dgarlingcw@naver.com,Male,189.87.103.220
566,Danie,McIlvenna,dmcilvennacx@csmonitor.com,Male,88.42.140.219
567,Scottie,Critoph,scritophcy@jalbum.net,Male,200.225.22.221
568,Pernell,Cookman,pcookmancz@mac.com,Male,47.42.16.68
569,Trumaine,Robertucci,trobertuccid0@miitbeian.gov.cn,Male,242.205.41.22
570,Isobel,Spondley,ispondleyd1@chronoengine.com,Agender,9.170.109.229
571,Lenard,Rowesby,lrowesbyd2@spotify.com,Male,148.241.11.69
572,Gwendolyn,Guarin,gguarind3@fda.gov,Female,226.192.158.246
573,Hewe,Ricard,hricardd4@themeforest.net,Male,10.72.212.151
574,Rycca,Greensitt,rgreensittd5@craigslist.org,Female,93.230.162.122
575,Olivero,McQuillan,omcquilland6@gnu.org,Male,32.26.188.76
576,Alasdair,Wilkerson,awilkersond7@livejournal.com,Male,97.87.0.28
577,Brooks,Voysey,bvoyseyd8@rediff.com,Female,197.174.29.25
578,Kalinda,Delieu,kdelieud9@fc2.com,Female,79.121.166.78
579,Tootsie,Dunphy,tdunphyda@bigcartel.com,Genderfluid,164.239.233.130
580,Morgan,Kyneton,mkynetondb@netlog.com,Female,151.229.34.70
581,Mar,Beecraft,mbeecraftdc@fc2.com,Male,204.173.100.134
582,Luci,Lowndsborough,llowndsboroughdd@xinhuanet.com,Female,36.65.211.215
583,Connie,Foxhall,cfoxhallde@feedburner.com,Genderqueer,125.131.19.57
584,Wenonah,Giff,wgiffdf@constantcontact.com,Female,159.136.158.244
585,Chrystal,Walklot,cwalklotdg@prweb.com,Female,27.228.98.40
586,Madelena,Reith,mreithdh@yahoo.com,Female,112.214.201.68
587,Artur,Beste,abestedi@sbwire.com,Male,152.221.160.118
588,Gaelan,Kerne,gkernedj@biblegateway.com,Male,79.228.192.212
589,Jamey,Fairbourn,jfairbourndk@etsy.com,Non-binary,84.122.121.234
590,Brooke,Feldmus,bfeldmusdl@arstechnica.com,Polygender,241.25.139.50
591,Tallulah,Rawet,trawetdm@etsy.com,Female,33.148.74.151
592,Kenon,Snasdell,ksnasdelldn@bizjournals.com,Male,238.171.119.37
593,Gabriele,Parkes,gparkesdo@w3.org,Male,171.105.60.195
594,Giusto,Broadhead,gbroadheaddp@irs.gov,Male,41.15.232.104
595,Frannie,Megson,fmegsondq@hc360.com,Male,243.232.27.76
596,Cloris,Vasyunin,cvasyunindr@people.com.cn,Female,35.245.109.231
597,Sigmund,St. Clair,sstclairds@buzzfeed.com,Male,64.43.18.93
598,Obediah,Rodbourne,orodbournedt@goodreads.com,Male,211.70.117.92
599,Fionna,Marchelli,fmarchellidu@devhub.com,Female,53.38.79.66
600,Vicki,McGrail,vmcgraildv@guardian.co.uk,Female,103.64.176.150
601,Blanca,Maccree,bmaccreedw@illinois.edu,Female,106.198.15.104
602,Ettore,Halford,ehalforddx@geocities.com,Non-binary,74.231.47.33
603,Hyacinthie,Tournay,htournaydy@reverbnation.com,Female,176.106.189.0
604,Orson,McRoberts,omcrobertsdz@mozilla.com,Male,86.145.86.71
605,Dulcea,Bernuzzi,dbernuzzie0@dailymail.co.uk,Female,154.238.87.141
606,Sophia,Gantzer,sgantzere1@archive.org,Female,245.208.23.188
607,Nickola,Ternouth,nternouthe2@newyorker.com,Genderqueer,191.247.65.222
608,Amble,Seczyk,aseczyke3@google.cn,Male,44.74.249.156
609,Francklyn,Macken,fmackene4@bbc.co.uk,Male,129.185.231.224
610,Cally,Riseborough,criseboroughe5@bandcamp.com,Female,37.115.55.10
611,Pierre,Jefferson,pjeffersone6@google.co.jp,Non-binary,245.194.13.217
612,Tara,Petrasek,tpetraseke7@wsj.com,Female,179.122.248.5
613,Wald,Lambis,wlambise8@networkadvertising.org,Male,245.107.178.186
614,Gates,Bailes,gbailese9@smh.com.au,Female,20.43.42.92
615,Ange,Kleinberer,akleinbererea@craigslist.org,Male,115.215.7.4
616,Caesar,Beven,cbeveneb@com.com,Male,101.99.78.157
617,Arlen,Corkitt,acorkittec@de.vu,Female,106.133.63.141
618,Hally,Maughan,hmaughaned@ebay.com,Female,137.164.250.184
619,Andrus,Dripp,adrippee@eepurl.com,Male,56.184.227.12
620,Brendan,Crayke,bcraykeef@fc2.com,Male,76.82.8.205
621,Lowe,Toope,ltoopeeg@chron.com,Male,247.87.128.217
622,Chelsie,Pelling,cpellingeh@soundcloud.com,Female,111.28.44.23
623,Garold,Diver,gdiverei@yale.edu,Male,55.191.52.186
624,Costa,Kaysor,ckaysorej@tamu.edu,Male,119.6.118.196
625,Worthington,Carver,wcarverek@rambler.ru,Male,51.179.119.89
626,Audie,Wiley,awileyel@histats.com,Female,109.27.93.216
627,Susanne,Mohammed,smohammedem@imageshack.us,Non-binary,135.241.107.76
628,Arlyne,Fegan,afeganen@amazon.de,Female,142.75.120.46
629,Meredith,Gonoude,mgonoudeeo@nsw.gov.au,Genderfluid,188.43.100.5
630,Bennie,Mott,bmottep@reuters.com,Male,214.84.145.140
631,Delaney,Waulker,dwaulkereq@google.com,Male,173.208.1.184
632,Paige,Ipwell,pipweller@over-blog.com,Female,126.177.245.80
633,Adamo,Heindrich,aheindriches@xrea.com,Male,53.70.113.58
634,Reinhold,Soot,rsootet@rakuten.co.jp,Male,18.237.183.223
635,Marjie,Reiling,mreilingeu@state.tx.us,Female,189.160.0.66
636,Oren,Wines,owinesev@myspace.com,Male,132.97.172.95
637,Nicholle,Rizzetti,nrizzettiew@cbc.ca,Female,6.90.160.215
638,Silvano,Spire,sspireex@gizmodo.com,Male,63.80.17.230
639,Roland,Ackerman,rackermaney@fda.gov,Bigender,141.178.81.129
640,Devinne,MacKimmie,dmackimmieez@wikimedia.org,Female,255.136.191.232
641,Antonina,Gare,agaref0@github.io,Female,97.243.84.203
642,Kissee,Free,kfreef1@twitpic.com,Female,188.126.47.22
643,Bunnie,Prichet,bprichetf2@mit.edu,Female,175.156.137.233
644,Johnny,Flanagan,jflanaganf3@redcross.org,Male,230.154.38.90
645,Mile,Falkingham,mfalkinghamf4@prlog.org,Bigender,7.162.195.241
646,Didi,Scowcroft,dscowcroftf5@dell.com,Female,105.7.46.83
647,Tarra,Saiger,tsaigerf6@nytimes.com,Genderqueer,201.116.18.228
648,Harley,Broggio,hbroggiof7@vistaprint.com,Male,139.213.153.214
649,Quintilla,I'anson,qiansonf8@chronoengine.com,Female,182.97.7.109
650,Tades,Duligal,tduligalf9@amazon.co.jp,Male,53.190.55.55
651,Hali,Lamming,hlammingfa@hostgator.com,Female,19.242.180.97
652,Locke,Chapier,lchapierfb@biblegateway.com,Male,89.25.6.44
653,Dane,Moniker,dmonikerfc@i2i.jp,Male,209.125.21.112
654,Addi,Jaffa,ajaffafd@printfriendly.com,Female,90.99.34.224
655,Milty,Pietrzak,mpietrzakfe@exblog.jp,Male,9.47.78.3
656,Freedman,Sinncock,fsinncockff@berkeley.edu,Bigender,245.79.177.238
657,Lawrence,Constant,lconstantfg@elpais.com,Male,114.167.45.226
658,Jemmy,Dall,jdallfh@engadget.com,Female,231.190.2.27
659,Barnard,Fold,bfoldfi@berkeley.edu,Male,215.13.162.122
660,Murry,Adamson,madamsonfj@reddit.com,Male,247.50.19.13
661,Deloris,Hemstead,dhemsteadfk@unesco.org,Female,144.131.104.20
662,Sheila-kathryn,Dearnaley,sdearnaleyfl@newsvine.com,Female,110.117.123.8
663,Sissie,Shakespeare,sshakespearefm@reference.com,Female,108.72.8.16
664,Zane,Fley,zfleyfn@home.pl,Male,154.29.42.237
665,Kathlin,Pestridge,kpestridgefo@tmall.com,Bigender,208.163.246.184
666,Romain,Leyman,rleymanfp@hubpages.com,Male,46.250.51.158
667,Jan,Paybody,jpaybodyfq@sourceforge.net,Male,230.245.2.117
668,Berkley,Pauls,bpaulsfr@quantcast.com,Male,168.14.203.210
669,Lorena,Marciskewski,lmarciskewskifs@plala.or.jp,Female,232.199.203.151
670,Cletis,Gasson,cgassonft@xing.com,Male,103.123.21.209
671,Tessie,Abry,tabryfu@theatlantic.com,Female,107.190.21.107
672,Mason,Garmey,mgarmeyfv@360.cn,Male,246.163.195.97
673,Beaufort,Du Pre,bduprefw@ucsd.edu,Male,145.222.128.1
674,Evita,Preist,epreistfx@businessweek.com,Female,72.127.240.128
675,Lora,Shapland,lshaplandfy@sitemeter.com,Female,7.93.58.107
676,Ellyn,Sprules,esprulesfz@chicagotribune.com,Female,34.253.29.57
677,Melvin,Mewitt,mmewittg0@go.com,Male,158.65.247.232
678,Barrie,Pegden,bpegdeng1@harvard.edu,Female,91.160.26.67
679,Arlina,Moynham,amoynhamg2@wordpress.com,Female,61.149.84.250
680,Hermina,Hawkeswood,hhawkeswoodg3@comcast.net,Female,254.73.121.250
681,Ofelia,D'Elia,odeliag4@miitbeian.gov.cn,Female,4.63.12.29
682,Lucila,Marham,lmarhamg5@hugedomains.com,Female,119.40.55.187
683,Kynthia,Sidary,ksidaryg6@photobucket.com,Female,154.50.237.174
684,Kimbra,Laban,klabang7@dailymail.co.uk,Female,103.76.203.24
685,Bradney,Belsey,bbelseyg8@craigslist.org,Male,98.95.61.25
686,Arlyne,Menpes,amenpesg9@ihg.com,Female,40.139.56.80
687,Colby,Morpeth,cmorpethga@pcworld.com,Male,39.190.23.54
688,Dalton,Carnachen,dcarnachengb@patch.com,Male,15.145.233.223
689,Cherlyn,Pinn,cpinngc@prweb.com,Female,181.44.120.129
690,Tannie,Cozzi,tcozzigd@cnbc.com,Male,28.9.174.137
691,Briggs,Greetham,bgreethamge@youtube.com,Male,231.149.7.221
692,Calypso,Kmicicki,ckmicickigf@eepurl.com,Female,70.146.182.136
693,Gilda,Defraine,gdefrainegg@usgs.gov,Female,233.241.177.44
694,Kelley,Baxter,kbaxtergh@mapquest.com,Female,242.95.212.167
695,Alexia,Pecey,apeceygi@youtube.com,Female,176.186.46.80
696,Aube,Shortin,ashortingj@is.gd,Male,148.152.84.222
697,Webster,Gregore,wgregoregk@clickbank.net,Male,201.209.237.198
698,Delora,Androletti,dandrolettigl@friendfeed.com,Female,249.78.7.33
699,Lock,Riepel,lriepelgm@zimbio.com,Male,43.223.50.174
700,Chick,Lindstedt,clindstedtgn@amazon.com,Male,117.119.92.131
701,Hyacinth,Wessing,hwessinggo@unc.edu,Female,187.87.65.15
702,Lois,Thal,lthalgp@wp.com,Non-binary,208.41.182.11
703,Quillan,Gockelen,qgockelengq@last.fm,Male,245.239.75.165
704,Essy,Gaynes,egaynesgr@si.edu,Female,212.23.11.179
705,Jedidiah,Rutgers,jrutgersgs@cafepress.com,Genderfluid,242.123.29.208
706,Leodora,Pressnell,lpressnellgt@deliciousdays.com,Female,238.53.214.153
707,Emylee,Ritchings,eritchingsgu@parallels.com,Female,85.254.4.169
708,Alika,Butchart,abutchartgv@tinyurl.com,Female,169.145.105.241
709,Jenica,Hudel,jhudelgw@wisc.edu,Female,174.235.114.174
710,Harriott,Avis,havisgx@slashdot.org,Female,6.232.61.248
711,Rees,Schumacher,rschumachergy@odnoklassniki.ru,Male,161.194.9.105
712,Valry,Cherm,vchermgz@reddit.com,Female,165.223.0.198
713,Evelin,Barnicott,ebarnicotth0@admin.ch,Male,92.108.96.148
714,Esdras,Bumphrey,ebumphreyh1@businessinsider.com,Male,42.88.143.103
715,Ermanno,Summons,esummonsh2@phoca.cz,Male,44.127.97.52
716,Hobard,Bernli,hbernlih3@disqus.com,Male,235.177.41.150
717,Bebe,Casol,bcasolh4@homestead.com,Female,165.54.199.146
718,Jeffy,Hankins,jhankinsh5@economist.com,Male,254.173.241.209
719,Hilarius,Allport,hallporth6@theguardian.com,Male,73.20.19.94
720,Brit,McKerlie,bmckerlieh7@shinystat.com,Male,175.239.68.222
721,Jillana,Fayne,jfayneh8@cornell.edu,Female,140.15.237.220
722,Peter,Jakubowicz,pjakubowiczh9@cdbaby.com,Male,102.48.249.96
723,Farand,Woolf,fwoolfha@ox.ac.uk,Female,163.147.7.208
724,Madison,Covelle,mcovellehb@newsvine.com,Male,140.38.13.172
725,Montague,Devonald,mdevonaldhc@bizjournals.com,Male,45.114.211.159
726,Geoffry,Dripps,gdrippshd@usatoday.com,Non-binary,242.26.152.36
727,Jamie,Lorait,jloraithe@behance.net,Male,34.229.26.226
728,Emmalynn,Cossar,ecossarhf@symantec.com,Female,111.142.78.242
729,Mackenzie,Decreuze,mdecreuzehg@google.cn,Male,214.162.187.201
730,Massimo,Fullager,mfullagerhh@ted.com,Male,19.21.98.59
731,Nat,Ravenscroft,nravenscrofthi@bandcamp.com,Male,190.126.45.206
732,Mordecai,Jenman,mjenmanhj@rakuten.co.jp,Male,170.218.245.187
733,Duffy,Arends,darendshk@altervista.org,Male,163.51.219.94
734,Raffarty,Draijer,rdraijerhl@g.co,Male,35.91.76.102
735,Celisse,Eversley,ceversleyhm@devhub.com,Female,41.108.189.73
736,Christy,Bouldstridge,cbouldstridgehn@salon.com,Male,247.213.140.170
737,Wilton,Brickett,wbrickettho@xinhuanet.com,Male,248.16.70.210
738,Bancroft,Coumbe,bcoumbehp@clickbank.net,Genderfluid,116.245.245.77
739,Wade,Tangye,wtangyehq@blogspot.com,Male,48.36.230.158
740,Husain,Robken,hrobkenhr@wiley.com,Male,219.3.243.144
741,Rhianna,Rubega,rrubegahs@cisco.com,Female,253.105.241.235
742,Gray,Gatecliffe,ggatecliffeht@forbes.com,Female,247.124.172.208
743,Shepard,Klimke,sklimkehu@google.com,Male,161.218.95.190
744,Hendrick,Nerger,hnergerhv@epa.gov,Male,60.61.141.74
745,Susanna,Cattermull,scattermullhw@oracle.com,Female,148.99.216.200
746,Mala,Stanbro,mstanbrohx@google.pl,Female,140.248.78.23
747,Bliss,Iwanowski,biwanowskihy@studiopress.com,Female,87.172.202.117
748,Gerri,Whitloe,gwhitloehz@slashdot.org,Male,115.133.255.72
749,Colver,Southerill,csoutherilli0@tmall.com,Male,97.216.203.241
750,Leandra,Kelston,lkelstoni1@ucoz.com,Bigender,187.173.81.207
751,Clemmy,Wilman,cwilmani2@woothemes.com,Non-binary,111.241.252.151
752,Berke,Saleway,bsalewayi3@ask.com,Male,231.181.174.142
753,Arlinda,Michie,amichiei4@nytimes.com,Female,126.40.191.34
754,Sheryl,Ackery,sackeryi5@bing.com,Female,200.168.19.178
755,Rosette,Maddin,rmaddini6@arstechnica.com,Female,77.212.100.210
756,Andree,Gaywood,agaywoodi7@kickstarter.com,Female,31.174.176.126
757,Steve,Landers,slandersi8@unblog.fr,Male,97.177.48.90
758,Joelly,Keneford,jkenefordi9@google.ca,Female,254.140.18.8
759,Fremont,Whitehurst,fwhitehurstia@ucsd.edu,Male,57.179.26.146
760,Danella,Brydone,dbrydoneib@csmonitor.com,Female,197.184.9.77
761,Jewell,Chisman,jchismanic@gmpg.org,Genderfluid,140.86.93.164
762,Mona,Hardiman,mhardimanid@123-reg.co.uk,Female,112.12.208.83
763,Dewitt,Shoutt,dshouttie@skype.com,Male,242.62.126.152
764,Frank,Simioni,fsimioniif@issuu.com,Female,234.57.251.102
765,Essie,Monier,emonierig@naver.com,Female,67.112.49.184
766,Danny,Caple,dcapleih@multiply.com,Male,178.227.124.58
767,Jannelle,Simondson,jsimondsonii@mashable.com,Female,169.210.239.36
768,Kirbee,Bonallick,kbonallickij@cpanel.net,Female,70.247.223.40
769,Alicea,Mc Grath,amcgrathik@latimes.com,Female,220.189.57.100
770,Kathryne,Kaplan,kkaplanil@google.com.br,Bigender,105.42.194.232
771,Dinnie,Gobeau,dgobeauim@wunderground.com,Female,15.93.126.124
772,Guillaume,Duguid,gduguidin@google.de,Male,203.48.199.222
773,Mirabel,Archibald,marchibaldio@paypal.com,Female,36.221.101.203
774,Diannne,Orrett,dorrettip@shutterfly.com,Female,112.79.246.146
775,Puff,Frenzl,pfrenzliq@deliciousdays.com,Male,235.4.209.200
776,Ahmed,Herrieven,aherrievenir@webeden.co.uk,Male,195.57.196.191
777,Anastasia,Otteridge,aotteridgeis@livejournal.com,Female,220.220.243.123
778,Skipton,Arrighi,sarrighiit@youtu.be,Male,52.229.116.68
779,Orelle,Heugh,oheughiu@mail.ru,Female,32.179.249.245
780,Rudie,Mellodey,rmellodeyiv@jimdo.com,Polygender,83.233.211.237
781,Valry,Janus,vjanusiw@miitbeian.gov.cn,Female,115.133.241.125
782,Jean,MacIllrick,jmacillrickix@reuters.com,Bigender,159.85.46.219
783,Saudra,Tomczykowski,stomczykowskiiy@apple.com,Female,71.3.247.243
784,Alisa,Clooney,aclooneyiz@amazon.co.jp,Female,253.154.91.86
785,Wakefield,Yanyshev,wyanyshevj0@google.cn,Male,241.161.9.32
786,Beniamino,Pau,bpauj1@imgur.com,Male,131.22.144.92
787,Alessandra,Fountain,afountainj2@delicious.com,Female,39.177.66.34
788,Godard,Retallick,gretallickj3@wiley.com,Male,175.237.254.50
789,Standford,Bercevelo,sberceveloj4@simplemachines.org,Male,238.194.120.243
790,Dougie,Dinwoodie,ddinwoodiej5@hp.com,Male,180.49.187.198
791,Sigismundo,O' Kelleher,sokelleherj6@jugem.jp,Male,14.84.186.211
792,Derek,Jenicke,djenickej7@about.com,Male,213.134.175.204
793,Coriss,Jerisch,cjerischj8@ebay.co.uk,Female,25.197.90.120
794,Felipe,Cohr,fcohrj9@bigcartel.com,Male,192.118.88.63
795,Knox,Poynton,kpoyntonja@hc360.com,Agender,172.126.60.44
796,Alain,Jouhan,ajouhanjb@engadget.com,Male,153.32.42.223
797,Augusta,Bealton,abealtonjc@dell.com,Female,8.247.249.166
798,Flori,Bolletti,fbollettijd@toplist.cz,Female,177.186.12.133
799,Petunia,Hagston,phagstonje@istockphoto.com,Female,74.149.133.188
800,Mella,Bizley,mbizleyjf@pinterest.com,Female,130.20.152.80
801,Lyndy,Lampl,llampljg@mayoclinic.com,Female,136.68.140.197
802,Janaye,Whitney,jwhitneyjh@squidoo.com,Female,15.9.74.64
803,Artie,Glover,agloverji@icq.com,Male,78.250.205.163
804,Allister,Sackett,asackettjj@i2i.jp,Male,157.245.221.146
805,Norina,Vinker,nvinkerjk@nifty.com,Female,126.202.111.83
806,Tore,Gollin,tgollinjl@ameblo.jp,Genderfluid,234.200.20.132
807,Bobbette,Georgeon,bgeorgeonjm@google.cn,Female,179.0.10.193
808,Richie,Rudeforth,rrudeforthjn@foxnews.com,Male,246.186.115.255
809,Tisha,Donnett,tdonnettjo@redcross.org,Female,51.219.249.55
810,Jaye,McDougle,jmcdouglejp@myspace.com,Male,225.43.195.68
811,Deina,Jenicke,djenickejq@marriott.com,Female,93.13.29.93
812,Ellsworth,Tabourel,etaboureljr@dailymail.co.uk,Male,5.151.177.87
813,Ruddie,Sare,rsarejs@about.com,Genderqueer,33.185.87.151
814,Wenona,Antcliffe,wantcliffejt@wikipedia.org,Female,146.74.158.234
815,Brook,Gobel,bgobelju@wikimedia.org,Male,216.172.62.77
816,Bron,Batte,bbattejv@ning.com,Male,240.48.92.94
817,Alfons,Boskell,aboskelljw@un.org,Male,26.222.56.199
818,Dodi,Connolly,dconnollyjx@wikia.com,Female,248.242.149.159
819,Flory,Dadge,fdadgejy@bbb.org,Female,155.198.80.220
820,Carny,Michel,cmicheljz@prnewswire.com,Male,124.55.247.252
821,Ashia,Cannaway,acannawayk0@ucoz.ru,Female,131.160.252.35
822,Camey,Borham,cborhamk1@meetup.com,Male,122.148.194.139
823,Ignazio,Pargent,ipargentk2@reddit.com,Male,140.170.142.7
824,Sax,Hamblyn,shamblynk3@dropbox.com,Male,22.53.198.41
825,Neale,Rowbury,nrowburyk4@ebay.co.uk,Male,238.135.81.254
826,Idaline,Pavis,ipavisk5@mozilla.com,Female,135.51.160.234
827,Yank,Aizlewood,yaizlewoodk6@com.com,Male,173.238.2.179
828,Audre,Moule,amoulek7@jimdo.com,Female,48.195.250.32
829,Maribelle,Reye,mreyek8@wordpress.com,Female,91.32.222.228
830,Mirilla,Balshaw,mbalshawk9@prweb.com,Female,162.152.11.126
831,Dynah,Ryal,dryalka@elegantthemes.com,Female,65.135.38.113
832,Emilee,Mecco,emeccokb@free.fr,Female,0.203.255.100
833,Godard,D'Andrea,gdandreakc@sohu.com,Male,161.110.82.224
834,Adrian,Filkov,afilkovkd@bing.com,Male,171.177.122.183
835,Kerri,Fend,kfendke@yellowbook.com,Female,75.241.35.62
836,Sharity,Scritch,sscritchkf@t.co,Female,137.101.182.100
837,Gillie,Bazley,gbazleykg@i2i.jp,Female,89.168.142.52
838,Alphonse,Kuzma,akuzmakh@oaic.gov.au,Male,72.52.159.149
839,Balduin,Gooderidge,bgooderidgeki@cnn.com,Male,37.186.203.206
840,Paddie,Sall,psallkj@whitehouse.gov,Polygender,31.14.210.143
841,Janessa,Durrant,jdurrantkk@bravesites.com,Female,163.69.22.192
842,Taddeo,Lathe,tlathekl@google.cn,Male,100.252.116.59
843,Frederic,Slides,fslideskm@wordpress.com,Male,42.165.137.152
844,Prescott,Mirralls,pmirrallskn@unesco.org,Male,139.64.75.164
845,Gard,Scopyn,gscopynko@yale.edu,Male,110.114.16.14
846,Blaine,Phelips,bphelipskp@infoseek.co.jp,Male,44.98.219.109
847,Victoir,Gosnell,vgosnellkq@theglobeandmail.com,Male,153.117.15.229
848,Gayelord,Blazej,gblazejkr@qq.com,Male,37.121.190.236
849,Marven,Reneke,mrenekeks@pcworld.com,Male,158.154.216.161
850,Marketa,Snibson,msnibsonkt@ameblo.jp,Female,76.255.169.157
851,Brita,Ewbach,bewbachku@trellian.com,Female,13.59.10.245
852,Joni,Poyzer,jpoyzerkv@fc2.com,Female,255.125.19.56
853,Klemens,Vyvyan,kvyvyankw@sciencedaily.com,Male,173.10.247.231
854,Cosetta,Glaze,cglazekx@ow.ly,Female,142.215.239.154
855,Rochester,Albrooke,ralbrookeky@eepurl.com,Male,84.238.88.82
856,Augustin,Linthead,alintheadkz@cpanel.net,Male,184.251.15.241
857,Annmarie,Girkins,agirkinsl0@bbc.co.uk,Female,169.111.53.69
858,Abbie,Gaiford,agaifordl1@edublogs.org,Bigender,124.129.238.140
859,Kissee,Witul,kwitull2@prweb.com,Female,29.145.206.220
860,Brandon,Hadley,bhadleyl3@pinterest.com,Male,93.154.244.19
861,Kellen,Whitcomb,kwhitcombl4@time.com,Female,140.139.205.68
862,Waylen,O'Cleary,woclearyl5@ifeng.com,Male,18.143.164.191
863,Adrianne,Blowin,ablowinl6@dailymotion.com,Female,111.71.169.10
864,Estevan,Gleeton,egleetonl7@github.io,Male,90.216.67.250
865,Lucinda,Hewell,lhewelll8@google.es,Female,32.123.215.147
866,Ludwig,Striker,lstrikerl9@amazon.co.uk,Male,41.165.28.132
867,Karmen,Bineham,kbinehamla@parallels.com,Female,226.87.200.9
868,Electra,Bagster,ebagsterlb@about.com,Female,169.117.57.187
869,Kathye,Lonnon,klonnonlc@google.com,Female,83.40.220.246
870,Ives,Schober,ischoberld@unblog.fr,Male,230.184.161.212
871,Bail,Boult,bboultle@ning.com,Male,91.50.138.114
872,Curtice,Brimilcombe,cbrimilcombelf@bandcamp.com,Male,190.177.157.245
873,Winfield,Brocklesby,wbrocklesbylg@zdnet.com,Male,90.254.119.148
874,Maren,Lightfoot,mlightfootlh@naver.com,Female,152.179.42.113
875,Blane,Gouge,bgougeli@uol.com.br,Male,214.147.157.50
876,Weber,Brislane,wbrislanelj@addthis.com,Male,99.160.225.248
877,Francesco,Lyness,flynesslk@cdbaby.com,Male,33.253.127.76
878,Tammie,Lawlan,tlawlanll@google.pl,Non-binary,186.182.148.170
879,Antoine,Denison,adenisonlm@shareasale.com,Male,79.209.205.229
880,Nevins,Prestland,nprestlandln@wired.com,Non-binary,123.228.198.58
881,Tallie,Livard,tlivardlo@ocn.ne.jp,Female,48.104.249.203
882,Maire,Peres,mpereslp@apple.com,Female,187.133.181.179
883,Terrie,Redgrove,tredgrovelq@amazonaws.com,Female,25.44.249.242
884,Wolfy,Scougal,wscougallr@devhub.com,Bigender,187.172.28.89
885,Tobe,Blagbrough,tblagbroughls@merriam-webster.com,Female,47.199.201.90
886,Mead,Vardey,mvardeylt@amazon.de,Female,8.234.182.125
887,Janenna,Dismore,jdismorelu@craigslist.org,Female,183.213.1.68
888,Inge,Placido,iplacidolv@netvibes.com,Female,103.224.40.47
889,Beaufort,Lukock,blukocklw@jigsy.com,Male,190.242.158.111
890,Erina,Rastrick,erastricklx@51.la,Female,76.119.81.8
891,Robinet,Schaffel,rschaffelly@yahoo.com,Agender,94.75.13.243
892,Javier,Cockhill,jcockhilllz@wikispaces.com,Male,126.92.1.229
893,Nancey,Grattage,ngrattagem0@prweb.com,Female,46.151.210.207
894,Quill,Stubley,qstubleym1@phoca.cz,Male,68.209.172.227
895,Hildagard,Abernethy,habernethym2@hubpages.com,Female,107.240.177.83
896,Tamarra,Kayes,tkayesm3@answers.com,Female,18.39.66.36
897,Penrod,Prue,ppruem4@aboutads.info,Male,243.25.199.132
898,Alexei,Nafziger,anafzigerm5@theglobeandmail.com,Male,145.59.120.221
899,Jenna,Antrag,jantragm6@flickr.com,Female,78.237.212.35
900,Drusi,Levison,dlevisonm7@addthis.com,Female,135.109.250.110
901,Charlie,Tall,ctallm8@java.com,Male,220.193.31.207
902,Alleyn,Shears,ashearsm9@arstechnica.com,Male,171.175.143.102
903,Nari,Singyard,nsingyardma@hubpages.com,Bigender,237.17.236.45
904,Sylvan,Lambden,slambdenmb@domainmarket.com,Male,186.21.33.133
905,Irina,Samwayes,isamwayesmc@oakley.com,Female,231.92.80.131
906,Ortensia,Jacob,ojacobmd@sfgate.com,Female,0.136.228.149
907,Will,Breyt,wbreytme@flickr.com,Male,162.135.100.135
908,Rafaela,Lossman,rlossmanmf@paypal.com,Female,122.17.171.197
909,Norrie,Galletly,ngalletlymg@usatoday.com,Female,77.88.180.80
910,Ewart,Burnsall,eburnsallmh@e-recht24.de,Male,18.156.97.150
911,Katlin,Croydon,kcroydonmi@msn.com,Female,126.171.162.86
912,Sephira,Cadany,scadanymj@paginegialle.it,Female,94.177.219.242
913,Dorri,Ramsell,dramsellmk@craigslist.org,Female,94.152.123.8
914,Tiena,Birtchnell,tbirtchnellml@vimeo.com,Female,76.138.90.121
915,Nico,Houldin,nhouldinmm@blog.com,Male,77.188.46.26
916,Mohandas,Dryden,mdrydenmn@geocities.com,Male,0.232.208.90
917,Ashlee,Garfitt,agarfittmo@wired.com,Genderqueer,254.250.135.50
918,Hobie,Adamo,hadamomp@npr.org,Male,144.251.84.155
919,Riva,Gannicott,rgannicottmq@arstechnica.com,Genderqueer,171.23.151.16
920,Forbes,Heifer,fheifermr@home.pl,Male,182.167.60.86
921,Stan,Hirtzmann,shirtzmannms@nyu.edu,Male,9.76.59.196
922,Giffard,Baszkiewicz,gbaszkiewiczmt@goo.ne.jp,Male,211.98.196.196
923,Killie,Berecloth,kbereclothmu@123-reg.co.uk,Male,218.191.91.155
924,Basilius,Dabner,bdabnermv@exblog.jp,Male,72.119.178.106
925,Jacquelin,Small,jsmallmw@samsung.com,Bigender,177.128.14.21
926,Susann,Arthan,sarthanmx@ed.gov,Female,97.245.152.24
927,Evelyn,Robertz,erobertzmy@weibo.com,Female,116.28.200.157
928,Konstantine,Deverille,kdeverillemz@ifeng.com,Male,167.156.8.141
929,Johannah,Veregan,jveregann0@uol.com.br,Female,35.252.234.171
930,Wilow,Alphonso,walphonson1@ebay.co.uk,Polygender,95.38.119.25
931,Charissa,Pettersen,cpettersenn2@biglobe.ne.jp,Non-binary,114.145.128.91
932,Marijo,Utridge,mutridgen3@tamu.edu,Non-binary,209.45.74.248
933,Greg,Chastaing,gchastaingn4@squidoo.com,Male,113.69.33.1
934,Oran,Gripton,ogriptonn5@is.gd,Male,83.146.223.31
935,Davie,Greated,dgreatedn6@e-recht24.de,Male,208.28.212.123
936,Stillmann,Grimston,sgrimstonn7@tinypic.com,Male,120.170.98.225
937,Hunfredo,Dwane,hdwanen8@yale.edu,Male,131.37.17.138
938,Leopold,de Courcey,ldecourceyn9@ebay.co.uk,Male,156.110.202.120
939,Peadar,Marchenko,pmarchenkona@eventbrite.com,Male,43.237.134.121
940,Forest,Andriss,fandrissnb@tinyurl.com,Male,132.179.4.74
941,Kippie,Kettles,kkettlesnc@ed.gov,Male,164.214.60.68
942,Becki,Buckmaster,bbuckmasternd@wikispaces.com,Female,243.203.106.235
943,Lamont,Bendixen,lbendixenne@sakura.ne.jp,Genderqueer,254.88.7.164
944,Hana,Lutsch,hlutschnf@unc.edu,Bigender,36.154.20.247
945,Tabby,Longbottom,tlongbottomng@histats.com,Male,194.104.185.11
946,Sibyl,Sijmons,ssijmonsnh@technorati.com,Male,52.221.160.95
947,Ebony,Edgerley,eedgerleyni@hc360.com,Female,187.23.169.90
948,Baxie,Maddyson,bmaddysonnj@webeden.co.uk,Male,114.65.98.162
949,Bea,Berk,bberknk@bandcamp.com,Female,185.32.102.145
950,Mallissa,Tarbett,mtarbettnl@friendfeed.com,Female,81.86.100.46
951,Myranda,Worwood,mworwoodnm@auda.org.au,Female,19.8.237.87
952,Washington,Sumpner,wsumpnernn@mit.edu,Male,34.219.163.180
953,Ky,Zecchii,kzecchiino@paypal.com,Male,226.252.55.73
954,Alexandrina,Brownsall,abrownsallnp@wix.com,Female,1.4.9.242
955,Andrea,Ziemsen,aziemsennq@dagondesign.com,Male,192.143.21.0
956,Marguerite,Excell,mexcellnr@europa.eu,Female,159.243.223.221
957,La verne,Shrubshall,lshrubshallns@shinystat.com,Female,110.114.207.39
958,Iggy,Jagger,ijaggernt@ebay.com,Male,231.185.71.202
959,Rosana,Semken,rsemkennu@g.co,Female,179.50.118.82
960,Bram,Fazackerley,bfazackerleynv@surveymonkey.com,Male,208.233.108.168
961,Kellie,Wetherhead,kwetherheadnw@twitter.com,Female,232.135.149.203
962,Zsazsa,Varne,zvarnenx@fastcompany.com,Female,100.111.26.213
963,Baryram,Feltham,bfelthamny@wsj.com,Male,113.242.151.238
964,Ambros,Simeon,asimeonnz@about.com,Male,110.61.37.30
965,Harmon,Woodburn,hwoodburno0@mac.com,Male,78.197.233.113
966,Khalil,Gerin,kgerino1@sohu.com,Male,162.82.150.169
967,Cynthy,Dietsche,cdietscheo2@xing.com,Female,195.226.16.92
968,Bernadina,Ludron,bludrono3@google.fr,Female,183.172.147.22
969,Candida,Sugden,csugdeno4@cyberchimps.com,Genderqueer,123.170.73.130
970,Wit,Bonnette,wbonnetteo5@redcross.org,Male,35.221.144.11
971,Burl,Potkin,bpotkino6@eepurl.com,Male,55.63.21.140
972,Tiebout,Jimson,tjimsono7@bravesites.com,Male,203.172.189.114
973,Jodie,Mixter,jmixtero8@cyberchimps.com,Female,224.6.104.142
974,Damien,Mustoe,dmustoeo9@springer.com,Male,119.28.63.32
975,Goldi,Meigh,gmeighoa@nhs.uk,Female,149.98.19.120
976,Yves,Laye,ylayeob@mit.edu,Male,154.18.179.97
977,Gunner,Albrook,galbrookoc@seesaa.net,Male,37.104.192.57
978,Gabby,Georgeon,ggeorgeonod@artisteer.com,Male,144.234.52.99
979,Steffie,Hought,shoughtoe@fema.gov,Female,253.156.129.191
980,Dorolice,Ummfrey,dummfreyof@apache.org,Female,157.38.53.207
981,Hewie,Cressey,hcresseyog@github.io,Male,234.87.19.59
982,Magdaia,Sitch,msitchoh@free.fr,Female,131.172.115.157
983,Florinda,Stringer,fstringeroi@ycombinator.com,Female,222.192.0.217
984,Dasi,Michieli,dmichielioj@networkadvertising.org,Female,151.110.58.98
985,Malvin,Lambrick,mlambrickok@businessweek.com,Male,178.16.189.61
986,Sibyl,Birks,sbirksol@marriott.com,Female,3.132.216.149
987,Vinni,Skough,vskoughom@sciencedaily.com,Genderqueer,26.182.2.83
988,Ailina,Leyninye,aleyninyeon@t-online.de,Female,217.70.202.193
989,Garreth,Kingswood,gkingswoodoo@lulu.com,Male,244.34.240.2
990,Asia,Alan,aalanop@gov.uk,Female,118.251.27.239
991,Ferne,Lawly,flawlyoq@hhs.gov,Female,138.207.95.179
992,Wilmette,Andreix,wandreixor@wikimedia.org,Female,43.77.43.153
993,Paten,Prisley,pprisleyos@com.com,Male,130.154.83.230
994,Sallyanne,Bawle,sbawleot@nba.com,Female,66.32.68.189
995,Pamelina,Bugdell,pbugdellou@amazon.com,Female,94.126.166.87
996,Jeni,Coils,jcoilsov@samsung.com,Female,190.43.11.65
997,Spike,Basant,sbasantow@arizona.edu,Male,139.203.236.167
998,Roxie,Greber,rgreberox@simplemachines.org,Female,244.167.218.166
999,Donetta,Ostick,dostickoy@t-online.de,Female,176.150.108.129
1000,Mehetabel,Fernando,mfernandooz@hibu.com,Female,225.254.250.170
1001,Mildrid,Parfrey,mparfreyp0@tripod.com,Female,162.118.111.1
1002,Franny,Prahl,fprahlp1@flickr.com,Genderfluid,172.212.20.208
1003,Willie,McIllrick,wmcillrickp2@blogspot.com,Female,153.172.227.46
1004,Sherye,Chipp,schippp3@utexas.edu,Female,49.88.120.148
1005,Phillipe,Szymonwicz,pszymonwiczp4@mozilla.org,Agender,20.168.156.1
1006,Clemente,Bevir,cbevirp5@accuweather.com,Male,184.106.220.115
1007,Creigh,Wille,cwillep6@auda.org.au,Male,214.96.5.107
1008,Morie,Dunsmore,mdunsmorep7@nps.gov,Male,180.179.146.245
1009,Lotta,Bale,lbalep8@scientificamerican.com,Female,18.186.107.138
1010,Suzy,Hocking,shockingp9@ycombinator.com,Female,35.61.242.50
1011,Gaylord,Buttwell,gbuttwellpa@joomla.org,Male,103.77.129.32
1012,Brigida,Steffans,bsteffanspb@flavors.me,Female,59.61.144.230
1013,Gunther,Eighteen,geighteenpc@alexa.com,Male,49.235.115.69
1014,Vince,Binfield,vbinfieldpd@tamu.edu,Male,194.216.41.34
1015,Krystal,Laurant,klaurantpe@paypal.com,Female,12.25.150.172
1016,Fleming,Meak,fmeakpf@webmd.com,Male,5.76.9.233
1017,Pepito,Meryett,pmeryettpg@naver.com,Male,187.164.30.197
1018,Nilson,Stoile,nstoileph@whitehouse.gov,Male,220.134.200.51
1019,Bamby,Hadland,bhadlandpi@ox.ac.uk,Female,1.162.74.204
1020,Kaitlyn,Dutnall,kdutnallpj@shutterfly.com,Female,26.220.83.62
1021,Olenka,Gouny,ogounypk@mac.com,Agender,92.212.223.94
1022,Garrek,Lockton,glocktonpl@tinyurl.com,Male,162.233.1.253
1023,Gabbie,Stoeck,gstoeckpm@amazonaws.com,Male,21.84.244.128
1024,Kippy,Tivnan,ktivnanpn@posterous.com,Non-binary,99.109.166.192
1025,Merrill,Adshead,madsheadpo@drupal.org,Male,145.203.186.253
1026,Valentine,Setterthwait,vsetterthwaitpp@cnbc.com,Male,212.221.245.33
1027,Dorthy,Buffey,dbuffeypq@de.vu,Female,59.168.134.112
1028,Delaney,Lamerton,dlamertonpr@samsung.com,Male,142.200.162.210
1029,Horatio,Washbrook,hwashbrookps@bloglines.com,Genderqueer,77.6.181.17
1030,Wesley,Kennagh,wkennaghpt@wix.com,Male,139.113.74.55
1031,Flo,Vales,fvalespu@rambler.ru,Female,100.121.187.153
1032,Adriaens,Kippen,akippenpv@sfgate.com,Female,31.62.124.254
1033,Mimi,Elener,melenerpw@webs.com,Female,179.51.221.212
1034,Zora,Taynton,ztayntonpx@hud.gov,Female,160.20.40.225
1035,Obadiah,Wrathmall,owrathmallpy@tinyurl.com,Male,47.37.20.31
1036,Stormy,O'Hartagan,sohartaganpz@google.co.jp,Female,30.61.220.188
1037,Amaleta,Woffinden,awoffindenq0@prweb.com,Bigender,88.190.180.138
1038,Aurthur,Burling,aburlingq1@stanford.edu,Male,72.110.17.94
1039,Culver,Vallentin,cvallentinq2@theguardian.com,Male,49.126.71.150
1040,Estrellita,Hought,ehoughtq3@techcrunch.com,Female,113.84.193.34
1041,Ned,Gallie,ngallieq4@skype.com,Male,94.95.246.165
1042,Farley,Blyth,fblythq5@bizjournals.com,Male,225.76.32.10
1043,Rafe,Whitemarsh,rwhitemarshq6@devhub.com,Male,140.247.246.0
1044,Eward,Young,eyoungq7@i2i.jp,Male,114.5.208.234
1045,Duane,Birchill,dbirchillq8@odnoklassniki.ru,Male,48.84.77.4
1046,Laurianne,Caswill,lcaswillq9@independent.co.uk,Female,33.234.133.158
1047,Niccolo,Beetles,nbeetlesqa@latimes.com,Male,82.50.209.93
1048,Wald,Lias,wliasqb@ed.gov,Male,214.107.10.29
1049,Jeth,Bolesma,jbolesmaqc@examiner.com,Male,129.228.38.170
1050,Lexi,Loghan,lloghanqd@livejournal.com,Genderfluid,165.198.15.144
1051,Giacomo,Schirak,gschirakqe@weather.com,Male,247.43.220.16
1052,Madge,Kirsop,mkirsopqf@free.fr,Female,29.79.110.236
1053,Jennica,Biesinger,jbiesingerqg@cornell.edu,Female,50.238.179.115
1054,Hermia,Burg,hburgqh@businessinsider.com,Genderfluid,98.81.246.210
1055,Puff,Birtle,pbirtleqi@phoca.cz,Male,203.54.46.153
1056,Wolfy,Gillino,wgillinoqj@typepad.com,Male,57.80.249.187
1057,Salomi,Burtonwood,sburtonwoodqk@examiner.com,Female,58.146.24.119
1058,Mikkel,Deroche,mderocheql@usa.gov,Male,38.26.229.74
1059,Johannes,Watkiss,jwatkissqm@unc.edu,Agender,149.117.221.201
1060,Merlina,Drew,mdrewqn@smh.com.au,Female,41.23.151.43
1061,Omar,Redon,oredonqo@ibm.com,Male,151.210.33.46
1062,Guillemette,Cassell,gcassellqp@businessinsider.com,Genderqueer,127.189.13.29
1063,Hana,Head,hheadqq@ow.ly,Female,70.161.102.8
1064,Herrick,Abrahamsson,habrahamssonqr@dion.ne.jp,Male,154.198.186.174
1065,Gerhardt,Nisuis,gnisuisqs@networkadvertising.org,Male,152.202.142.143
1066,Ulick,Haste,uhasteqt@cdbaby.com,Male,131.205.41.71
1067,Blinny,Dulieu,bdulieuqu@cam.ac.uk,Female,221.176.237.247
1068,Glyn,Daal,gdaalqv@symantec.com,Male,245.52.67.240
1069,Constancy,Taunton,ctauntonqw@oracle.com,Female,75.49.146.244
1070,Willetta,MacFadzan,wmacfadzanqx@illinois.edu,Female,74.241.41.195
1071,Vina,Fosdick,vfosdickqy@tripadvisor.com,Female,131.119.38.174
1072,Olag,Hulburt,ohulburtqz@icio.us,Male,141.47.111.98
1073,Gwenneth,Rainsdon,grainsdonr0@nhs.uk,Female,195.162.116.201
1074,Veda,Ledwith,vledwithr1@ezinearticles.com,Female,47.180.45.167
1075,Giustino,Wallhead,gwallheadr2@privacy.gov.au,Male,64.117.0.150
1076,Brewer,Osgardby,bosgardbyr3@fotki.com,Male,110.230.170.218
1077,Merralee,McInnes,mmcinnesr4@redcross.org,Female,132.105.170.130
1078,Ealasaid,Kynsey,ekynseyr5@phoca.cz,Female,5.109.159.57
1079,Mattie,Daughton,mdaughtonr6@nyu.edu,Agender,103.100.144.88
1080,Sheffield,Murthwaite,smurthwaiter7@ehow.com,Male,169.222.71.215
1081,Antonino,Harbertson,aharbertsonr8@loc.gov,Male,39.39.85.83
1082,Gert,Darby,gdarbyr9@blogtalkradio.com,Female,247.144.224.118
1083,Cinnamon,Blanket,cblanketra@army.mil,Female,240.183.13.138
1084,Glynda,Zouch,gzouchrb@creativecommons.org,Female,133.137.57.114
1085,Toinette,Berryman,tberrymanrc@jimdo.com,Female,135.115.58.242
1086,Eleanore,MacMeeking,emacmeekingrd@google.com.br,Female,145.143.56.247
1087,Uriel,Quan,uquanre@ucoz.com,Male,43.85.22.237
1088,Ethelda,Nesfield,enesfieldrf@hhs.gov,Female,125.211.27.46
1089,Reade,Luno,rlunorg@nyu.edu,Male,148.151.139.133
1090,Marcia,Thorley,mthorleyrh@xing.com,Female,196.120.58.58
1091,Ermin,Biggerstaff,ebiggerstaffri@networksolutions.com,Male,131.34.28.203
1092,Jess,Topaz,jtopazrj@cyberchimps.com,Female,114.208.204.249
1093,Henrik,Graysmark,hgraysmarkrk@samsung.com,Male,220.36.243.96
1094,Jackquelin,Ellesmere,jellesmererl@tinyurl.com,Female,253.227.79.34
1095,Charo,Drought,cdroughtrm@umn.edu,Female,129.36.35.37
1096,Ludwig,Stearns,lstearnsrn@amazonaws.com,Male,83.59.26.113
1097,Amandi,Guille,aguillero@naver.com,Female,164.86.32.232
1098,Sandy,Truckett,struckettrp@ehow.com,Male,130.230.134.160
1099,Grover,Domanski,gdomanskirq@foxnews.com,Male,0.174.248.100
1100,Nita,Clementucci,nclementuccirr@reddit.com,Female,51.201.80.3
